secs_elapsed,interval_qps,num_compaction,num_flushes,lsm_shape
,1,43323,64,1+11,43322,64,1+1
,2,43226,64,1+12,43226,64,1+1
,3,42632,64,1+13,42632,64,1+1
,4,42765,64,1+14,42765,64,1+1
,5,42507,64,1+15,42506,64,1+1
,6,42040,64,1+16,42040,64,1+1
,7,41512,64,1+17,41511,64,1+1
,8,41478,64,1+18,41478,64,1+1
,9,41393,64,1+19,41392,64,1+1
,10,41291,64,1+110,41290,64,1+1
,11,40749,64,1+111,40749,64,1+1
,12,41833,64,1+112,41833,64,1+1
,13,44500,64,1+113,44499,64,1+1
,14,43595,64,1+114,43595,64,1+1
,15,42557,64,1+115,42556,64,1+1
,16,42031,64,1+116,42031,64,1+1
,17,41849,64,1+117,41848,64,1+1
,18,41788,64,1+118,41787,64,1+1
,19,41608,64,1+119,41608,64,1+1
,20,41771,64,1+120,41770,64,1+1
,21,41507,64,1+121,41507,64,1+1
,22,41428,64,1+122,41428,64,1+1
,23,40723,64,1+123,40722,64,1+1
,24,44338,64,1+124,44337,64,1+1
,25,44135,64,1+125,44135,64,1+1
,26,43479,64,1+126,43478,64,1+1
,27,43565,64,1+127,43564,64,1+1
,28,43471,64,1+128,43470,64,1+1
,29,43329,64,1+129,43328,64,1+1
,30,42706,64,1+130,42706,64,1+1
,31,42270,64,1+131,42269,64,1+1
,32,42322,64,1+132,42322,64,1+1
,33,41668,64,1+133,41667,64,1+1
,34,41309,64,1+134,41309,64,1+1
,35,42138,64,1+135,42138,64,1+1
,36,44730,64,1+136,44729,64,1+1
,37,43095,64,1+137,43094,64,1+1
,38,42405,64,1+138,42404,64,1+1
,39,41625,64,1+139,41624,64,1+1
,40,41143,64,1+140,41142,64,1+1
,41,41049,64,1+141,41049,64,1+1
,42,40916,64,1+142,40915,64,1+1
,43,40426,64,1+143,40426,64,1+1
,44,39884,64,1+144,39883,64,1+1
,45,40193,64,1+145,40193,64,1+1
,46,39509,64,1+146,39508,64,1+1
,47,41169,64,1+147,41169,64,1+1
,48,44206,64,1+148,44205,64,1+1
,49,43118,64,1+149,43118,64,1+1
,50,42236,64,1+150,42235,64,1+1
,51,41960,64,1+151,41960,64,1+1
,52,41731,64,1+152,41731,64,1+1
,53,41515,64,1+153,41514,64,1+1
,54,41149,64,1+154,41149,64,1+1
,55,40609,64,1+155,40609,64,1+1
,56,40916,64,1+156,40915,64,1+1
,57,40724,64,1+157,40724,64,1+1
,58,40117,64,1+158,40117,64,1+1
,59,43079,64,1+159,43079,64,1+1
,60,43959,64,1+160,43958,64,1+1
,61,43294,64,1+161,43294,64,1+1
,62,42649,64,1+162,42648,64,1+1
,63,42169,64,1+163,42169,64,1+1
,64,41868,64,1+164,41868,64,1+1
,65,41801,64,1+165,41800,64,1+1
,66,41339,64,1+166,41339,64,1+1
,67,40886,64,1+167,40885,64,1+1
,68,40534,64,1+168,40533,64,1+1
,69,40607,64,1+169,40607,64,1+1
,70,39570,64,1+170,39569,64,1+1
,71,44084,64,1+171,44083,64,1+1
,72,44260,64,1+172,44259,64,1+1
,73,43288,64,1+173,43288,64,1+1
,74,42489,64,1+174,42488,64,1+1
,75,41944,64,1+175,41943,64,1+1
,76,41800,64,1+176,41800,64,1+1
,77,41226,64,1+177,41226,64,1+1
,78,40657,64,1+178,40657,64,1+1
,79,40592,64,1+179,40592,64,1+1
,80,40761,64,1+180,40761,64,1+1
,81,40458,64,1+181,40457,64,1+1
,82,36722,64,1+182,36722,64,1+1
,83,40500,64,1+183,40500,64,1+1
,84,39160,64,1+184,39159,64,1+1
,85,38859,64,1+185,38858,64,1+1
,86,38285,64,1+186,38285,64,1+1
,87,38257,64,1+187,38257,64,1+1
,88,37912,64,1+188,37911,64,1+1
,89,38036,64,1+189,38035,64,1+1
,90,37934,64,1+190,37934,64,1+1
,91,38946,64,1+191,38946,64,1+1
,92,41249,64,1+192,41249,64,1+1
,93,40861,64,1+193,40860,64,1+1
,94,40435,64,1+194,40434,64,1+1
,95,42397,64,1+195,42396,64,1+1
,96,44208,64,1+196,44207,64,1+1
,97,43622,64,1+197,43621,64,1+1
,98,42208,64,1+198,42208,64,1+1
,99,42815,64,1+199,42815,64,1+1
,100,41547,64,1+1100,41547,64,1+1
,101,40778,64,1+1101,40778,64,1+1
,102,40630,64,1+1102,40630,64,1+1
,103,40573,64,1+1103,40572,64,1+1
,104,40163,64,1+1104,40162,64,1+1
,105,38795,64,1+1105,38794,64,1+1
,106,39288,64,1+1106,39288,64,1+1
,107,42183,64,1+1107,42182,64,1+1
,108,40249,64,1+1108,40249,64,1+1
,109,43009,64,1+1109,43008,64,1+1
,110,42388,64,1+1110,42387,64,1+1
,111,41947,64,1+1111,41946,64,1+1
,112,41538,64,1+1112,41537,64,1+1
,113,41293,64,1+1113,41292,64,1+1
,114,41000,64,1+1114,41000,64,1+1
,115,41122,64,1+1115,41122,64,1+1
,116,40913,64,1+1116,40913,64,1+1
,117,40975,64,1+1117,40975,64,1+1
,118,39909,64,1+1118,39909,64,1+1
,119,43954,64,1+1119,43953,64,1+1
,120,43483,64,1+1120,43483,64,1+1
,121,42324,64,1+1121,42323,64,1+1
,122,41873,64,1+1122,41872,64,1+1
,123,41688,64,1+1123,41687,64,1+1
,124,41549,64,1+1124,41549,64,1+1
,125,40898,64,1+1125,40898,64,1+1
,126,40744,64,1+1126,40744,64,1+1
,127,41095,64,1+1127,41095,64,1+1
,128,40628,64,1+1128,40627,64,1+1
,129,40896,64,1+1129,40895,64,1+1
,130,40216,64,1+1130,40215,64,1+1
,131,44420,64,1+1131,44419,64,1+1
,132,42827,64,1+1132,42826,64,1+1
,133,43043,64,1+1133,43042,64,1+1
,134,42212,64,1+1134,42212,64,1+1
,135,42172,64,1+1135,42171,64,1+1
,136,41579,64,1+1136,41578,64,1+1
,137,41207,64,1+1137,41207,64,1+1
,138,40749,64,1+1138,40749,64,1+1
,139,40699,64,1+1139,40698,64,1+1
,140,40210,64,1+1140,40209,64,1+1
,141,39903,64,1+1141,39902,64,1+1
,142,39155,64,1+1142,39154,64,1+1
,143,45141,64,1+1143,45141,64,1+1
,144,42586,64,1+1144,42585,64,1+1
,145,41782,64,1+1145,41781,64,1+1
,146,42048,64,1+1146,42047,64,1+1
,147,41509,64,1+1147,41508,64,1+1
,148,42216,64,1+1148,42216,64,1+1
,149,42621,64,1+1149,42621,64,1+1
,150,7220,64,1+1150,7220,64,1+1
,151,39303,64,1+1151,39303,64,1+1
,152,41439,64,1+1152,41438,64,1+1
,153,41129,64,1+1153,41128,64,1+1
,154,40726,64,1+1154,40725,64,1+1
,155,42838,64,1+1155,42838,64,1+1
,156,44750,64,1+1156,44749,64,1+1
,157,43925,64,1+1157,43925,64,1+1
,158,31724,64,1+1158,31724,64,1+1
,159,42517,64,1+1159,42516,64,1+1
,160,42388,64,1+1160,42387,64,1+1
,161,42019,64,1+1161,42019,64,1+1
,162,20218,64,1+1162,20218,64,1+1
,163,27775,64,1+1163,27775,64,1+1
,165,30225,64,1+1165,30224,64,1+1
,166,40621,64,1+1166,40621,64,1+1
,167,40959,64,1+1167,40959,64,1+1
,168,39767,64,1+1168,39767,64,1+1
,169,41685,64,1+1169,41685,64,1+1
,170,35260,64,1+1170,35260,64,1+1
,172,41156,64,1+1172,41156,64,1+1
,173,30557,64,1+1173,30557,64,1+1
,174,40342,64,1+1174,40342,64,1+1
,175,41576,64,1+1175,41576,64,1+1
,176,41465,64,1+1176,41464,64,1+1
,177,42264,64,1+1177,42263,64,1+1
,178,42218,64,1+1178,42218,64,1+1
,179,41817,64,1+1179,41817,64,1+1
,180,23403,64,1+1180,23403,64,1+1
,181,40578,64,1+1181,40577,64,1+1
,182,39596,64,1+1182,39596,64,1+1
,183,42648,64,1+1183,42648,64,1+1
,184,42171,64,1+1184,42170,64,1+1
,185,40486,64,1+1185,40486,64,1+1
,186,10594,64,1+1186,10594,64,1+1
,188,35219,64,1+1188,35219,64,1+1
,189,37596,64,1+1189,37596,64,1+1
,190,37674,64,1+1190,37674,64,1+1
,191,38412,64,1+1191,38412,64,1+1
,192,40873,64,1+1192,40873,64,1+1
,194,33213,64,1+1194,33213,64,1+1
,195,39337,64,1+1195,39337,64,1+1
,196,39362,64,1+1196,39361,64,1+1
,197,38692,64,1+1197,38692,64,1+1
,198,39602,64,1+1198,39601,64,1+1
,199,43744,64,1+1199,43743,64,1+1
,200,42477,64,1+1200,42476,64,1+1
,201,41585,64,1+1201,41585,64,1+1
,202,42023,64,1+1202,42022,64,1+1
,203,41573,64,1+1203,41572,64,1+1
,204,41228,64,1+1204,41227,64,1+1
,205,40702,64,1+1205,40702,64,1+1
,206,40809,64,1+1206,40809,64,1+1
,207,40975,64,1+1207,40975,64,1+1
,208,40841,64,1+1208,40841,64,1+1
,209,40471,64,1+1209,40470,64,1+1
,210,41340,64,1+1210,41339,64,1+1
,211,42829,64,1+1211,42828,64,1+1
,212,43392,64,1+1212,43392,64,1+1
,213,43519,64,1+1213,43519,64,1+1
,214,42851,64,1+1214,42850,64,1+1
,215,42745,64,1+1215,42744,64,1+1
,216,42383,64,1+1216,42383,64,1+1
,217,41840,64,1+1217,41840,64,1+1
,218,41750,64,1+1218,41750,64,1+1
,219,41287,64,1+1219,41286,64,1+1
,220,41555,64,1+1220,41554,64,1+1
,221,40885,64,1+1221,40884,64,1+1
,222,42946,64,1+1222,42946,64,1+1
,223,43634,64,1+1223,43633,64,1+1
,224,33819,64,1+1224,33323,64,1+1
,225,43103,64,1+1225,43103,64,1+1
,226,26848,64,1+1226,26848,64,1+1
,227,41719,64,1+1227,41719,64,1+1
,228,42159,64,1+1228,42159,64,1+1
,229,42246,64,1+1229,42245,64,1+1
,230,42297,64,1+1230,42296,64,1+1
,231,42210,64,1+1231,42209,64,1+1
,232,25382,64,1+1232,25381,64,1+1
,233,39911,64,1+1233,39910,64,1+1
,234,40672,64,1+1234,40671,64,1+1
,235,44796,64,1+1235,44795,64,1+1
,236,43565,64,1+1236,43565,64,1+1
,237,40274,64,1+1237,39090,64,1+1
,238,41011,64,1+1238,41010,64,1+1
,239,20643,64,1+1239,20642,64,1+1
,240,40347,64,1+1240,40347,64,1+1
,241,39346,64,1+1241,39345,64,1+1
,242,39073,64,1+1242,39072,64,1+1
,243,39007,64,1+1243,39006,64,1+1
,244,38783,64,1+1244,38782,64,1+1
,245,38899,64,1+1245,38899,64,1+1
,246,38280,64,1+1246,38279,64,1+1
,247,40354,64,1+1247,40353,64,1+1
,248,43053,64,1+1248,43052,64,1+1
,249,42447,64,1+1249,42447,64,1+1
,250,41574,64,1+1250,41574,64,1+1
,251,40900,64,1+1251,40900,64,1+1
,252,41151,64,1+1252,41150,64,1+1
,253,40989,64,1+1253,40988,64,1+1
,254,41105,64,1+1254,41104,64,1+1
,255,41261,64,1+1255,41260,64,1+1
,256,40791,64,1+1256,40790,64,1+1
,257,40308,64,1+1257,40307,64,1+1
,258,39685,64,1+1258,39685,64,1+1
,259,42012,64,1+1259,42012,64,1+1
,260,42683,64,1+1260,42682,64,1+1
,261,42273,64,1+1261,42272,64,1+1
,262,41799,64,1+1262,41799,64,1+1
,263,42015,64,1+1263,42014,64,1+1
,264,42005,64,1+1264,42004,64,1+1
,265,41621,64,1+1265,41620,64,1+1
,266,41145,64,1+1266,41144,64,1+1
,267,40717,64,1+1267,40716,64,1+1
,268,40449,64,1+1268,40448,64,1+1
,269,40016,64,1+1269,40015,64,1+1
,270,39004,64,1+1270,39004,64,1+1
,271,41569,64,1+1271,41568,64,1+1
,272,42187,64,1+1272,42186,64,1+1
,273,41951,64,1+1273,41950,64,1+1
,274,41903,64,1+1274,41903,64,1+1
,275,41617,64,1+1275,41617,64,1+1
,276,41297,64,1+1276,41297,64,1+1
,277,41062,64,1+1277,41061,64,1+1
,278,41469,64,1+1278,41468,64,1+1
,279,40920,64,1+1279,40919,64,1+1
,280,40538,64,1+1280,40538,64,1+1
,281,38986,64,1+1281,38986,64,1+1
,282,39791,64,1+1282,39790,64,1+1
,283,42006,64,1+1283,42006,64,1+1
,284,41132,64,1+1284,41132,64,1+1
,285,43681,64,1+1285,43681,64,1+1
,286,43097,64,1+1286,43097,64,1+1
,287,42675,64,1+1287,42675,64,1+1
,288,42648,64,1+1288,42647,64,1+1
,289,42415,64,1+1289,42415,64,1+1
,290,42321,64,1+1290,42321,64,1+1
,291,42101,64,1+1291,42100,64,1+1
,292,42247,64,1+1292,42246,64,1+1
,293,41864,64,1+1293,41863,64,1+1
,294,40899,64,1+1294,40899,64,1+1
,295,44702,64,1+1295,44702,64,1+1
,296,44129,64,1+1296,44129,64,1+1
,297,43408,64,1+1297,43408,64,1+1
,298,42541,64,1+1298,42540,64,1+1
,299,42751,64,1+1299,42750,64,1+1
,300,42214,64,1+1300,42214,64,1+1
,301,41949,64,1+1301,41949,64,1+1
,302,41904,64,1+1302,41904,64,1+1
,303,41998,64,1+1303,41998,64,1+1
,304,41539,64,1+1304,41539,64,1+1
,305,40815,64,1+1305,40815,64,1+1
,306,42537,64,1+1306,42537,64,1+1
,307,43994,64,1+1307,43993,64,1+1
,308,30685,64,1+1308,30684,64,1+1
,309,28874,64,1+1309,28873,64,1+1
,310,39881,64,1+1310,39881,64,1+1
,311,42606,64,1+1311,42606,64,1+1
,312,42482,64,1+1312,42482,64,1+1
,313,41188,64,1+1313,41188,64,1+1
,314,41510,64,1+1314,41510,64,1+1
,315,41263,64,1+1315,41263,64,1+1
,316,41207,64,1+1316,41206,64,1+1
,317,40859,64,1+1317,40858,64,1+1
,318,40059,64,1+1318,40058,64,1+1
,319,45519,64,1+1319,45518,64,1+1
,320,43801,64,1+1320,43801,64,1+1
,321,43222,64,1+1321,43222,64,1+1
,322,42580,64,1+1322,42580,64,1+1
,323,41984,64,1+1323,41983,64,1+1
,324,42224,64,1+1324,42224,64,1+1
,325,41643,64,1+1325,41643,64,1+1
,326,41361,64,1+1326,41361,64,1+1
,327,41209,64,1+1327,41209,64,1+1
,328,41157,64,1+1328,41156,64,1+1
,329,40986,64,1+1329,40986,64,1+1
,330,42870,64,1+1330,42870,64,1+1
,331,44498,64,1+1331,44497,64,1+1
,332,44222,64,1+1332,44221,64,1+1
,333,41030,64,1+1333,41030,64,1+1
,334,43282,64,1+1334,43281,64,1+1
,335,42475,64,1+1335,42475,64,1+1
,336,42396,64,1+1336,42395,64,1+1
,337,41532,64,1+1337,41531,64,1+1
,338,41553,64,1+1338,41552,64,1+1
,339,39977,64,1+1339,39976,64,1+1
,340,40088,64,1+1340,40087,64,1+1
,341,40066,64,1+1341,40066,64,1+1
,342,43614,64,1+1342,43614,64,1+1
,343,44200,64,1+1343,44199,64,1+1
,344,40946,64,1+1344,40945,64,1+1
,345,39254,64,1+1345,39253,64,1+1
,346,39218,64,1+1346,39218,64,1+1
,347,38724,64,1+1347,38723,64,1+1
,348,37750,64,1+1348,37750,64,1+1
,349,41602,64,1+1349,41602,64,1+1
,350,41548,64,1+1350,41547,64,1+1
,351,41576,64,1+1351,41575,64,1+1
,352,41651,64,1+1352,41650,64,1+1
,353,40990,64,1+1353,40989,64,1+1
,354,44289,64,1+1354,44288,64,1+1
,355,44083,64,1+1355,44082,64,1+1
,356,41032,64,1+1356,41032,64,1+1
,357,43265,64,1+1357,43264,64,1+1
,358,43082,64,1+1358,43082,64,1+1
,359,42996,64,1+1359,42995,64,1+1
,360,42487,64,1+1360,42486,64,1+1
,361,42547,64,1+1361,42547,64,1+1
,362,41613,64,1+1362,41612,64,1+1
,363,41732,64,1+1363,41731,64,1+1
,364,41162,64,1+1364,41161,64,1+1
,365,41180,64,1+1365,41179,64,1+1
,366,44755,64,1+1366,44754,64,1+1
,367,43223,64,1+1367,43222,64,1+1
,368,42478,64,1+1368,42477,64,1+1
,369,42300,64,1+1369,42299,64,1+1
,370,41809,64,1+1370,41808,64,1+1
,371,41802,64,1+1371,41802,64,1+1
,372,41828,64,1+1372,41827,64,1+1
,373,41708,64,1+1373,41707,64,1+1
,374,40950,64,1+1374,40949,64,1+1
,375,42013,64,1+1375,42012,64,1+1
,376,40550,64,1+1376,40549,64,1+1
,377,41248,64,1+1377,41248,64,1+1
,378,43470,64,1+1378,43469,64,1+1
,379,43069,64,1+1379,43068,64,1+1
,380,42044,64,1+1380,42044,64,1+1
,381,41666,64,1+1381,41666,64,1+1
,382,41725,64,1+1382,41725,64,1+1
,383,41045,64,1+1383,41044,64,1+1
,384,40903,64,1+1384,40903,64,1+1
,385,41454,64,1+1385,41453,64,1+1
,386,41511,64,1+1386,41510,64,1+1
,387,41574,64,1+1387,41573,64,1+1
,388,40568,64,1+1388,40567,64,1+1
,389,44255,64,1+1389,44254,64,1+1
,390,44471,64,1+1390,44471,64,1+1
,391,43787,64,1+1391,43786,64,1+1
,392,42868,64,1+1392,42867,64,1+1
,393,42830,64,1+1393,42830,64,1+1
,394,42366,64,1+1394,42365,64,1+1
,395,42181,64,1+1395,42180,64,1+1
,396,42078,64,1+1396,42078,64,1+1
,397,41344,64,1+1397,41343,64,1+1
,398,40196,64,1+1398,40195,64,1+1
,399,39668,64,1+1399,39667,64,1+1
,400,38877,64,1+1400,38877,64,1+1
,401,45492,64,1+1401,45491,64,1+1
,402,43080,64,1+1402,43080,64,1+1
,403,42268,64,1+1403,42268,64,1+1
,404,36805,64,1+1404,36804,64,1+1
,405,41041,64,1+1405,41040,64,1+1
,406,42299,64,1+1406,42299,64,1+1
,407,42107,64,1+1407,42106,64,1+1
,408,40954,64,1+1408,40954,64,1+1
,409,41217,64,1+1409,41217,64,1+1
,410,40743,64,1+1410,40742,64,1+1
,411,40166,64,1+1411,40166,64,1+1
,412,40369,64,1+1412,40369,64,1+1
,413,44660,64,1+1413,44659,64,1+1
,414,37435,64,1+1414,37435,64,1+1
,416,33962,64,1+1416,33961,64,1+1
,417,41878,64,1+1417,41878,64,1+1
,418,42153,64,1+1418,42153,64,1+1
,419,41578,64,1+1419,41578,64,1+1
,420,41979,64,1+1420,41978,64,1+1
,421,41486,64,1+1421,41486,64,1+1
,422,41359,64,1+1422,41358,64,1+1
,423,40948,64,1+1423,40948,64,1+1
,424,40606,64,1+1424,40605,64,1+1
,425,40291,64,1+1425,40291,64,1+1
,426,44048,64,1+1426,44048,64,1+1
,427,42313,64,1+1427,42313,64,1+1
,428,41474,64,1+1428,41474,64,1+1
,429,41555,64,1+1429,41555,64,1+1
,430,41206,64,1+1430,41206,64,1+1
,431,41097,64,1+1431,41096,64,1+1
,432,40865,64,1+1432,40865,64,1+1
,433,41338,64,1+1433,41337,64,1+1
,434,40955,64,1+1434,40954,64,1+1
,435,40896,64,1+1435,40895,64,1+1
,436,40424,64,1+1436,40423,64,1+1
,437,39411,64,1+1437,39410,64,1+1
,438,43030,64,1+1438,43030,64,1+1
,439,42334,64,1+1439,42333,64,1+1
,440,32312,64,1+1440,32312,64,1+1
,441,41566,64,1+1441,41566,64,1+1
,442,41064,64,1+1442,41064,64,1+1
,443,41174,64,1+1443,41173,64,1+1
,444,41885,64,1+1444,41884,64,1+1
,445,40794,64,1+1445,40794,64,1+1
,446,40131,64,1+1446,40131,64,1+1
,447,36924,64,1+1447,36924,64,1+1
,448,37123,64,1+1448,37123,64,1+1
,449,39383,64,1+1449,39382,64,1+1
,450,43883,64,1+1450,43882,64,1+1
,451,42958,64,1+1451,42958,64,1+1
,452,42311,64,1+1452,42311,64,1+1
,453,41686,64,1+1453,41686,64,1+1
,454,40960,64,1+1454,40959,64,1+1
,455,40952,64,1+1455,40951,64,1+1
,456,41152,64,1+1456,41152,64,1+1
,457,41194,64,1+1457,41193,64,1+1
,458,40627,64,1+1458,40627,64,1+1
,459,40657,64,1+1459,40656,64,1+1
,460,40468,64,1+1460,40468,64,1+1
,461,39681,64,1+1461,39680,64,1+1
,462,44817,64,1+1462,44816,64,1+1
,463,33690,64,1+1463,33690,64,1+1
,464,24978,64,1+1464,24977,64,1+1
,465,41917,64,1+1465,41917,64,1+1
,466,41696,64,1+1466,41696,64,1+1
,467,41164,64,1+1467,41164,64,1+1
,468,41519,64,1+1468,41518,64,1+1
,469,41214,64,1+1469,41213,64,1+1
,470,40669,64,1+1470,40669,64,1+1
,471,40496,64,1+1471,40496,64,1+1
,472,40820,64,1+1472,40819,64,1+1
,473,39757,64,1+1473,39757,64,1+1
,474,42225,64,1+1474,42225,64,1+1
,475,44370,64,1+1475,44369,64,1+1
,476,42688,64,1+1476,42687,64,1+1
,477,41949,64,1+1477,41948,64,1+1
,478,41170,64,1+1478,41170,64,1+1
,479,40313,64,1+1479,40312,64,1+1
,480,39873,64,1+1480,39872,64,1+1
,481,39750,64,1+1481,39750,64,1+1
,482,39514,64,1+1482,39513,64,1+1
,483,39249,64,1+1483,39249,64,1+1
,484,38983,64,1+1484,38982,64,1+1
,485,38585,64,1+1485,38584,64,1+1
,486,40724,64,1+1486,40724,64,1+1
,487,43264,64,1+1487,43264,64,1+1
,488,42921,64,1+1488,42920,64,1+1
,489,42316,64,1+1489,42315,64,1+1
,490,41982,64,1+1490,41981,64,1+1
,491,41111,64,1+1491,41110,64,1+1
,492,41273,64,1+1492,41273,64,1+1
,493,40625,64,1+1493,40625,64,1+1
,494,41562,64,1+1494,41562,64,1+1
,495,41437,64,1+1495,41436,64,1+1
,496,41071,64,1+1496,41070,64,1+1
,497,40436,64,1+1497,40435,64,1+1
,498,43164,64,1+1498,43163,64,1+1
,499,44106,64,1+1499,44106,64,1+1
,500,44400,64,1+1500,34918,64,1+1
,501,52143,64,1+1501,52142,64,1+1
,502,26828,64,1+1502,26828,64,1+1
,503,41905,64,1+1503,41905,64,1+1
,504,41943,64,1+1504,41943,64,1+1
,505,42065,64,1+1505,42065,64,1+1
,506,42048,64,1+1506,42047,64,1+1
,507,41915,64,1+1507,41915,64,1+1
,508,41057,64,1+1508,41056,64,1+1
,509,39849,64,1+1509,39849,64,1+1
,510,43478,64,1+1510,43477,64,1+1
,511,44160,64,1+1511,44159,64,1+1
,512,43591,64,1+1512,43591,64,1+1
,513,43319,64,1+1513,43319,64,1+1
,514,42597,64,1+1514,42596,64,1+1
,515,42164,64,1+1515,42163,64,1+1
,516,42013,64,1+1516,42012,64,1+1
,517,41668,64,1+1517,41668,64,1+1
,518,41526,64,1+1518,41525,64,1+1
,519,41309,64,1+1519,41309,64,1+1
,520,40724,64,1+1520,40723,64,1+1
,521,39943,64,1+1521,39943,64,1+1
,522,39918,64,1+1522,39918,64,1+1
,523,43905,64,1+1523,43904,64,1+1
,524,43197,64,1+1524,43197,64,1+1
,525,42706,64,1+1525,42706,64,1+1
,526,40867,64,1+1526,40866,64,1+1
,527,38313,64,1+1527,38312,64,1+1
,528,40541,64,1+1528,40541,64,1+1
,529,41935,64,1+1529,41935,64,1+1
,530,41767,64,1+1530,41766,64,1+1
,531,41734,64,1+1531,41733,64,1+1
,532,41176,64,1+1532,41176,64,1+1
,533,41174,64,1+1533,41174,64,1+1
,534,46273,64,1+1534,46273,64,1+1
,535,38306,64,1+1535,38305,64,1+1
,536,42986,64,1+1536,42986,64,1+1
,537,42583,64,1+1537,42582,64,1+1
,538,41921,64,1+1538,41920,64,1+1
,539,41620,64,1+1539,41620,64,1+1
,540,41521,64,1+1540,41521,64,1+1
,541,41300,64,1+1541,41299,64,1+1
,542,41216,64,1+1542,41215,64,1+1
,543,41364,64,1+1543,41363,64,1+1
,544,40311,64,1+1544,40311,64,1+1
,545,40195,64,1+1545,40194,64,1+1
,546,44065,64,1+1546,44065,64,1+1
,547,42934,64,1+1547,42934,64,1+1
,548,43076,64,1+1548,43075,64,1+1
,549,42390,64,1+1549,42390,64,1+1
,550,41946,64,1+1550,41946,64,1+1
,551,41551,64,1+1551,41551,64,1+1
,552,41559,64,1+1552,41559,64,1+1
,553,42150,64,1+1553,42150,64,1+1
,554,41968,64,1+1554,41967,64,1+1
,555,41726,64,1+1555,41725,64,1+1
,556,40047,64,1+1556,40047,64,1+1
,557,43478,64,1+1557,43478,64,1+1
,558,44318,64,1+1558,44318,64,1+1
,559,43008,64,1+1559,43007,64,1+1
,560,42421,64,1+1560,42421,64,1+1
,561,41492,64,1+1561,41492,64,1+1
,562,38749,64,1+1562,38748,64,1+1
,563,38649,64,1+1563,38648,64,1+1
,564,38265,64,1+1564,38265,64,1+1
,565,39796,64,1+1565,39796,64,1+1
,566,41391,64,1+1566,41391,64,1+1
,567,41490,64,1+1567,41490,64,1+1
,568,40258,64,1+1568,40258,64,1+1
,569,43036,64,1+1569,43035,64,1+1
,570,44796,64,1+1570,44796,64,1+1
,571,36426,64,1+1571,36426,64,1+1
,572,23935,64,1+1572,23935,64,1+1
,573,42991,64,1+1573,42991,64,1+1
,574,42553,64,1+1574,42553,64,1+1
,575,42589,64,1+1575,42589,64,1+1
,576,42401,64,1+1576,42401,64,1+1
,577,42282,64,1+1577,42282,64,1+1
,578,42035,64,1+1578,42035,64,1+1
,579,42213,64,1+1579,42212,64,1+1
,580,41473,64,1+1580,41473,64,1+1
,581,43765,64,1+1581,43764,64,1+1
,582,45062,64,1+1582,45061,64,1+1
,583,43626,64,1+1583,43625,64,1+1
,584,42688,64,1+1584,42688,64,1+1
,585,42226,64,1+1585,42226,64,1+1
,586,42182,64,1+1586,42182,64,1+1
,587,42103,64,1+1587,42102,64,1+1
,588,41803,64,1+1588,41802,64,1+1
,589,41439,64,1+1589,41438,64,1+1
,590,41461,64,1+1590,41461,64,1+1
,591,41861,64,1+1591,41860,64,1+1
,592,40869,64,1+1592,40869,64,1+1
,593,45871,64,1+1593,45870,64,1+1
,594,45310,64,1+1594,45310,64,1+1
,595,35520,64,1+1595,35520,64,1+1
,596,34230,64,1+1596,26538,64,1+1
,597,49648,64,1+1597,49647,64,1+1
,598,42662,64,1+1598,42662,64,1+1
,599,42388,64,1+1599,42387,64,1+1
,600,42283,64,1+1600,42282,64,1+1
,601,41677,64,1+1601,41677,64,1+1
,602,40507,64,1+1602,40507,64,1+1
,603,40168,64,1+1603,40167,64,1+1
,604,39514,64,1+1604,39514,64,1+1
,605,43986,64,1+1605,43985,64,1+1
,606,40155,64,1+1606,40155,64,1+1
,607,39493,64,1+1607,39492,64,1+1
,608,39121,64,1+1608,39121,64,1+1
,609,39133,64,1+1609,39132,64,1+1
,610,39203,64,1+1610,39202,64,1+1
,611,41656,64,1+1611,41655,64,1+1
,612,41138,64,1+1612,41138,64,1+1
,613,41030,64,1+1613,41030,64,1+1
,614,40875,64,1+1614,40874,64,1+1
,615,40405,64,1+1615,40405,64,1+1
,616,39571,64,1+1616,39570,64,1+1
,617,44538,64,1+1617,44538,64,1+1
,618,44212,64,1+1618,44211,64,1+1
,619,44010,64,1+1619,44010,64,1+1
,620,44033,64,1+1620,44032,64,1+1
,621,43382,64,1+1621,43382,64,1+1
,622,43073,64,1+1622,43073,64,1+1
,623,42751,64,1+1623,42751,64,1+1
,624,42443,64,1+1624,42443,64,1+1
,625,42042,64,1+1625,42041,64,1+1
,626,39360,64,1+1626,39359,64,1+1
,627,39730,64,1+1627,39730,64,1+1
,628,41707,64,1+1628,41707,64,1+1
,629,44749,64,1+1629,44748,64,1+1
,630,43529,64,1+1630,43529,64,1+1
,631,43121,64,1+1631,43120,64,1+1
,632,43483,64,1+1632,43482,64,1+1
,633,42855,64,1+1633,42855,64,1+1
,634,42815,64,1+1634,42815,64,1+1
,635,42648,64,1+1635,42648,64,1+1
,636,41399,64,1+1636,41399,64,1+1
,637,41211,64,1+1637,41211,64,1+1
,638,41084,64,1+1638,41083,64,1+1
,639,40266,64,1+1639,40266,64,1+1
,640,44003,64,1+1640,44003,64,1+1
,641,44299,64,1+1641,44298,64,1+1
,642,44393,64,1+1642,44393,64,1+1
,643,43650,64,1+1643,43650,64,1+1
,644,43673,64,1+1644,43673,64,1+1
,645,42891,64,1+1645,42890,64,1+1
,646,42519,64,1+1646,42519,64,1+1
,647,42403,64,1+1647,42402,64,1+1
,648,41750,64,1+1648,41749,64,1+1
,649,41671,64,1+1649,41671,64,1+1
,650,40982,64,1+1650,40982,64,1+1
,651,41550,64,1+1651,41549,64,1+1
,652,38040,64,1+1652,38040,64,1+1
,653,34970,64,1+1653,34970,64,1+1
,654,42413,64,1+1654,42413,64,1+1
,655,41879,64,1+1655,41878,64,1+1
,656,41428,64,1+1656,41427,64,1+1
,657,41018,64,1+1657,41017,64,1+1
,658,40692,64,1+1658,40691,64,1+1
,659,41089,64,1+1659,41089,64,1+1
,660,40720,64,1+1660,40720,64,1+1
,661,41671,64,1+1661,41671,64,1+1
,662,41143,64,1+1662,41143,64,1+1
,663,41046,64,1+1663,41046,64,1+1
,664,45065,64,1+1664,45064,64,1+1
,665,42073,64,1+1665,42073,64,1+1
,666,43751,64,1+1666,43751,64,1+1
,667,43491,64,1+1667,43490,64,1+1
,668,42846,64,1+1668,42845,64,1+1
,669,42277,64,1+1669,42277,64,1+1
,670,42077,64,1+1670,42076,64,1+1
,671,41523,64,1+1671,41522,64,1+1
,672,41372,64,1+1672,41371,64,1+1
,673,41657,64,1+1673,41656,64,1+1
,674,41318,64,1+1674,41317,64,1+1
,675,43941,64,1+1675,43941,64,1+1
,676,45106,64,1+1676,45105,64,1+1
,677,44019,64,1+1677,44019,64,1+1
,678,43641,64,1+1678,43641,64,1+1
,679,43294,64,1+1679,43293,64,1+1
,680,43108,64,1+1680,43107,64,1+1
,681,42901,64,1+1681,42900,64,1+1
,682,42424,64,1+1682,42424,64,1+1
,683,41945,64,1+1683,41945,64,1+1
,684,37615,64,1+1684,37615,64,1+1
,685,37496,64,1+1685,37496,64,1+1
,686,39170,64,1+1686,39170,64,1+1
,687,44397,64,1+1687,44397,64,1+1
,688,44063,64,1+1688,44063,64,1+1
,689,42977,64,1+1689,42976,64,1+1
,690,43324,64,1+1690,43324,64,1+1
,691,43175,64,1+1691,43174,64,1+1
,692,43151,64,1+1692,43150,64,1+1
,693,42741,64,1+1693,42741,64,1+1
,694,42406,64,1+1694,42406,64,1+1
,695,42064,64,1+1695,42063,64,1+1
,696,41859,64,1+1696,41858,64,1+1
,697,41560,64,1+1697,41560,64,1+1
,698,43124,64,1+1698,43124,64,1+1
,699,45209,64,1+1699,45208,64,1+1
,700,44358,64,1+1700,44357,64,1+1
,701,43577,64,1+1701,43576,64,1+1
,702,42908,64,1+1702,42908,64,1+1
,703,42528,64,1+1703,42528,64,1+1
,704,40723,64,1+1704,40722,64,1+1
,705,38911,64,1+1705,38911,64,1+1
,706,37793,64,1+1706,37792,64,1+1
,707,37266,64,1+1707,37266,64,1+1
,708,37345,64,1+1708,37344,64,1+1
,709,36856,64,1+1709,36855,64,1+1
,710,38653,64,1+1710,38652,64,1+1
,711,40941,64,1+1711,40941,64,1+1
,713,42472,64,1+1713,42471,64,1+1
,714,43303,64,1+1714,43303,64,1+1
,715,35100,64,1+1715,35099,64,1+1
,716,42089,64,1+1716,42088,64,1+1
,717,41814,64,1+1717,41814,64,1+1
,718,41624,64,1+1718,41624,64,1+1
,719,41200,64,1+1719,41199,64,1+1
,720,41159,64,1+1720,41158,64,1+1
,721,38108,64,1+1721,38107,64,1+1
,722,36856,64,1+1722,36856,64,1+1
,723,36562,64,1+1723,36561,64,1+1
,724,39610,64,1+1724,39609,64,1+1
,725,34108,64,1+1725,34108,64,1+1
,726,42083,64,1+1726,42083,64,1+1
,727,41894,64,1+1727,41894,64,1+1
,728,41470,64,1+1728,41470,64,1+1
,729,41145,64,1+1729,41145,64,1+1
,730,40930,64,1+1730,40930,64,1+1
,731,41218,64,1+1731,41217,64,1+1
,732,41013,64,1+1732,41012,64,1+1
,733,41275,64,1+1733,41274,64,1+1
,734,40824,64,1+1734,40823,64,1+1
,735,39635,64,1+1735,39634,64,1+1
,736,44248,64,1+1736,44248,64,1+1
,737,42896,64,1+1737,42896,64,1+1
,738,16518,64,1+1738,16518,64,1+1
,739,41178,64,1+1739,41177,64,1+1
,740,41662,64,1+1740,41661,64,1+1
,741,40970,64,1+1741,40970,64,1+1
,742,41119,64,1+1742,41118,64,1+1
,743,39591,64,1+1743,39590,64,1+1
,744,40569,64,1+1744,40569,64,1+1
,745,40598,64,1+1745,40597,64,1+1
,746,40113,64,1+1746,40112,64,1+1
,747,39686,64,1+1747,39686,64,1+1
,748,41118,64,1+1748,41118,64,1+1
,749,42954,64,1+1749,42953,64,1+1
,750,42318,64,1+1750,42317,64,1+1
,751,42132,64,1+1751,42131,64,1+1
,752,41640,64,1+1752,41639,64,1+1
,753,40674,64,1+1753,40674,64,1+1
,754,41176,64,1+1754,41175,64,1+1
,755,40729,64,1+1755,40728,64,1+1
,756,40530,64,1+1756,40529,64,1+1
,757,40165,64,1+1757,40164,64,1+1
,758,39839,64,1+1758,39839,64,1+1
,759,39766,64,1+1759,39765,64,1+1
,760,40503,64,1+1760,40503,64,1+1
,761,43736,64,1+1761,43735,64,1+1
,762,42754,64,1+1762,42754,64,1+1
,763,41682,64,1+1763,41682,64,1+1
,764,41786,64,1+1764,41786,64,1+1
,765,42160,64,1+1765,42159,64,1+1
,766,41668,64,1+1766,41667,64,1+1
,767,41451,64,1+1767,41451,64,1+1
,768,41454,64,1+1768,41454,64,1+1
,769,40770,64,1+1769,40769,64,1+1
,770,40666,64,1+1770,40665,64,1+1
,771,39323,64,1+1771,39323,64,1+1
,772,43260,64,1+1772,43259,64,1+1
,773,43979,64,1+1773,43978,64,1+1
,774,42217,64,1+1774,42216,64,1+1
,775,43229,64,1+1775,43229,64,1+1
,776,42444,64,1+1776,42443,64,1+1
,777,41957,64,1+1777,41957,64,1+1
,778,41014,64,1+1778,41014,64,1+1
,779,40949,64,1+1779,40948,64,1+1
,780,40864,64,1+1780,40863,64,1+1
,781,40812,64,1+1781,40812,64,1+1
,782,40843,64,1+1782,40843,64,1+1
,783,40033,64,1+1783,40033,64,1+1
,784,44304,64,1+1784,44304,64,1+1
,785,43299,64,1+1785,43299,64,1+1
,786,41831,64,1+1786,41831,64,1+1
,787,41133,64,1+1787,41133,64,1+1
,788,40745,64,1+1788,40744,64,1+1
,789,41002,64,1+1789,41002,64,1+1
,790,41539,64,1+1790,41539,64,1+1
,791,41133,64,1+1791,41132,64,1+1
,792,41639,64,1+1792,41639,64,1+1
,793,41567,64,1+1793,41566,64,1+1
,794,41199,64,1+1794,41198,64,1+1
,795,39531,64,1+1795,39530,64,1+1
,796,43982,64,1+1796,43982,64,1+1
,797,43726,64,1+1797,43725,64,1+1
,798,42794,64,1+1798,42794,64,1+1
,799,34964,64,1+1799,34964,64,1+1
,800,28133,64,1+1800,28132,64,1+1
,801,40222,64,1+1801,40221,64,1+1
,802,41300,64,1+1802,41299,64,1+1
,803,41250,64,1+1803,41249,64,1+1
,804,41063,64,1+1804,41063,64,1+1
,805,40704,64,1+1805,40704,64,1+1
,806,40158,64,1+1806,40158,64,1+1
,807,39293,64,1+1807,39293,64,1+1
,808,43294,64,1+1808,43293,64,1+1
,809,42484,64,1+1809,42484,64,1+1
,810,42760,64,1+1810,42760,64,1+1
,811,42806,64,1+1811,42805,64,1+1
,812,41656,64,1+1812,41655,64,1+1
,813,41564,64,1+1813,41564,64,1+1
,814,41211,64,1+1814,41210,64,1+1
,815,40999,64,1+1815,40999,64,1+1
,816,40286,64,1+1816,40286,64,1+1
,817,39344,64,1+1817,39343,64,1+1
,818,39164,64,1+1818,39163,64,1+1
,819,38187,64,1+1819,38186,64,1+1
,820,42635,64,1+1820,42635,64,1+1
,821,44647,64,1+1821,44646,64,1+1
,822,43520,64,1+1822,43519,64,1+1
,823,28563,64,1+1823,25722,64,1+1
,824,31788,64,1+1824,31788,64,1+1
,825,41333,64,1+1825,41332,64,1+1
,826,41399,64,1+1826,41398,64,1+1
,827,41277,64,1+1827,41276,64,1+1
,828,41284,64,1+1828,41283,64,1+1
,829,40560,64,1+1829,40559,64,1+1
,830,40401,64,1+1830,40400,64,1+1
,831,40104,64,1+1831,40104,64,1+1
,832,35723,64,1+1832,35723,64,1+1
,833,44102,64,1+1833,44102,64,1+1
,834,42410,64,1+1834,42409,64,1+1
,835,42106,64,1+1835,42105,64,1+1
,836,41509,64,1+1836,41509,64,1+1
,837,40693,64,1+1837,40693,64,1+1
,838,40472,64,1+1838,40472,64,1+1
,839,40319,64,1+1839,40319,64,1+1
,840,40118,64,1+1840,40118,64,1+1
,841,38781,64,1+1841,38780,64,1+1
,842,39759,64,1+1842,39758,64,1+1
,843,40198,64,1+1843,40198,64,1+1
,844,40049,64,1+1844,40049,64,1+1
,845,45314,64,1+1845,45313,64,1+1
,846,43702,64,1+1846,43701,64,1+1
,847,42921,64,1+1847,42921,64,1+1
,848,42537,64,1+1848,42536,64,1+1
,849,41933,64,1+1849,41932,64,1+1
,850,42073,64,1+1850,42072,64,1+1
,851,40900,64,1+1851,40899,64,1+1
,852,40886,64,1+1852,40885,64,1+1
,853,40470,64,1+1853,40470,64,1+1
,854,41590,64,1+1854,41589,64,1+1
,855,41172,64,1+1855,41171,64,1+1
,856,43134,64,1+1856,43134,64,1+1
,857,44549,64,1+1857,44548,64,1+1
,858,43152,64,1+1858,43151,64,1+1
,859,42780,64,1+1859,42779,64,1+1
,860,42675,64,1+1860,42674,64,1+1
,861,42053,64,1+1861,42052,64,1+1
,862,42216,64,1+1862,42216,64,1+1
,863,42243,64,1+1863,42242,64,1+1
,864,41140,64,1+1864,41140,64,1+1
,865,41645,64,1+1865,41644,64,1+1
,866,41713,64,1+1866,41713,64,1+1
,867,40694,64,1+1867,40693,64,1+1
,868,45372,64,1+1868,45371,64,1+1
,869,44330,64,1+1869,44330,64,1+1
,870,43289,64,1+1870,43288,64,1+1
,871,42695,64,1+1871,42694,64,1+1
,872,42084,64,1+1872,42084,64,1+1
,873,41601,64,1+1873,41601,64,1+1
,874,41511,64,1+1874,41511,64,1+1
,875,41157,64,1+1875,41157,64,1+1
,876,40787,64,1+1876,40786,64,1+1
,877,40710,64,1+1877,40710,64,1+1
,878,39927,64,1+1878,39926,64,1+1
,879,39838,64,1+1879,39837,64,1+1
,880,43986,64,1+1880,43986,64,1+1
,881,36543,64,1+1881,36542,64,1+1
,882,42031,64,1+1882,42031,64,1+1
,883,41886,64,1+1883,41885,64,1+1
,884,41775,64,1+1884,41775,64,1+1
,885,41415,64,1+1885,41415,64,1+1
,886,41170,64,1+1886,41169,64,1+1
,887,41225,64,1+1887,41224,64,1+1
,888,40971,64,1+1888,40971,64,1+1
,889,41181,64,1+1889,41181,64,1+1
,890,40627,64,1+1890,40626,64,1+1
,891,41109,64,1+1891,41108,64,1+1
,892,44057,64,1+1892,44056,64,1+1
,893,43311,64,1+1893,43310,64,1+1
,894,42787,64,1+1894,42787,64,1+1
,895,41201,64,1+1895,41201,64,1+1
,896,41826,64,1+1896,41825,64,1+1
,897,41823,64,1+1897,41822,64,1+1
,898,41550,64,1+1898,41549,64,1+1
,899,41383,64,1+1899,41383,64,1+1
,900,40683,64,1+1900,40682,64,1+1
,901,40600,64,1+1901,40600,64,1+1
,902,39390,64,1+1902,39390,64,1+1
,903,42320,64,1+1903,42320,64,1+1
,904,42939,64,1+1904,42939,64,1+1
,905,41489,64,1+1905,41489,64,1+1
,906,41154,64,1+1906,41153,64,1+1
,907,41697,64,1+1907,41697,64,1+1
,908,40941,64,1+1908,40941,64,1+1
,909,40636,64,1+1909,40635,64,1+1
,910,40753,64,1+1910,40753,64,1+1
,911,40551,64,1+1911,40551,64,1+1
,912,40785,64,1+1912,40785,64,1+1
,913,40713,64,1+1913,40712,64,1+1
,914,39861,64,1+1914,39860,64,1+1
,915,41458,64,1+1915,41457,64,1+1
,916,43474,64,1+1916,43473,64,1+1
,917,35411,64,1+1917,35411,64,1+1
,918,41823,64,1+1918,41823,64,1+1
,919,41998,64,1+1919,41998,64,1+1
,920,42712,64,1+1920,42712,64,1+1
,921,42602,64,1+1921,42601,64,1+1
,922,42507,64,1+1922,42506,64,1+1
,923,42794,64,1+1923,42793,64,1+1
,924,42303,64,1+1924,42302,64,1+1
,925,41869,64,1+1925,41868,64,1+1
,926,40951,64,1+1926,40950,64,1+1
,927,44912,64,1+1927,44911,64,1+1
,928,43921,64,1+1928,43921,64,1+1
,930,53000,64,1+1930,34799,64,1+1
,931,59762,64,1+1931,59762,64,1+1
,932,41162,64,1+1932,41162,64,1+1
,933,41167,64,1+1933,41166,64,1+1
,934,42199,64,1+1934,42199,64,1+1
,935,41655,64,1+1935,41655,64,1+1
,936,41620,64,1+1936,41619,64,1+1
,937,42345,64,1+1937,42344,64,1+1
,938,41294,64,1+1938,41294,64,1+1
,939,42063,64,1+1939,42062,64,1+1
,940,44265,64,1+1940,44265,64,1+1
,941,43350,64,1+1941,43350,64,1+1
,942,42677,64,1+1942,42676,64,1+1
,943,42256,64,1+1943,42255,64,1+1
,944,42561,64,1+1944,42561,64,1+1
,945,42471,64,1+1945,42471,64,1+1
,946,42205,64,1+1946,42205,64,1+1
,947,41779,64,1+1947,41778,64,1+1
,948,41709,64,1+1948,41708,64,1+1
,949,41217,64,1+1949,41217,64,1+1
,950,40810,64,1+1950,40810,64,1+1
,951,44538,64,1+1951,44537,64,1+1
,952,44925,64,1+1952,44924,64,1+1
,953,44261,64,1+1953,44261,64,1+1
,954,43251,64,1+1954,43250,64,1+1
,955,42762,64,1+1955,42761,64,1+1
,956,42368,64,1+1956,42367,64,1+1
,957,41949,64,1+1957,41949,64,1+1
,958,41239,64,1+1958,41238,64,1+1
,959,41054,64,1+1959,41054,64,1+1
,960,40002,64,1+1960,40002,64,1+1
,961,39846,64,1+1961,39846,64,1+1
,962,39255,64,1+1962,39254,64,1+1
,963,45290,64,1+1963,45290,64,1+1
,964,43911,64,1+1964,43911,64,1+1
,965,43050,64,1+1965,43050,64,1+1
,966,42587,64,1+1966,42587,64,1+1
,967,42566,64,1+1967,42566,64,1+1
,968,41954,64,1+1968,41953,64,1+1
,969,41581,64,1+1969,41581,64,1+1
,970,42042,64,1+1970,42041,64,1+1
,971,41554,64,1+1971,41554,64,1+1
,972,41270,64,1+1972,41270,64,1+1
,973,41701,64,1+1973,41700,64,1+1
,974,35813,64,1+1974,35812,64,1+1
,975,37258,64,1+1975,37257,64,1+1
,976,43942,64,1+1976,43941,64,1+1
,977,43258,64,1+1977,43257,64,1+1
,978,43110,64,1+1978,43110,64,1+1
,979,42818,64,1+1979,42818,64,1+1
,980,42643,64,1+1980,42642,64,1+1
,981,42178,64,1+1981,42178,64,1+1
,982,42291,64,1+1982,42291,64,1+1
,983,40950,64,1+1983,40950,64,1+1
,984,39678,64,1+1984,39678,64,1+1
,985,40958,64,1+1985,40957,64,1+1
,986,42812,64,1+1986,42811,64,1+1
,987,45701,64,1+1987,45700,64,1+1
,988,44420,64,1+1988,44420,64,1+1
,989,23619,64,1+1989,23618,64,1+1
,990,41348,64,1+1990,41347,64,1+1
,991,41215,64,1+1991,41215,64,1+1
,992,41349,64,1+1992,41349,64,1+1
,993,41447,64,1+1993,41447,64,1+1
,994,40427,64,1+1994,40427,64,1+1
,995,40801,64,1+1995,40800,64,1+1
,996,41129,64,1+1996,41129,64,1+1
,997,40844,64,1+1997,40844,64,1+1
,998,42159,64,1+1998,42158,64,1+1
,999,43261,64,1+1999,43261,64,1+1
,1000,42048,64,1+11000,42048,64,1+1
,1001,41479,64,1+11001,41478,64,1+1
,1002,41640,64,1+11002,41640,64,1+1
,1003,41511,64,1+11003,41511,64,1+1
,1004,37566,64,1+11004,37566,64,1+1
,1005,38726,64,1+11005,38726,64,1+1
,1006,40299,64,1+11006,40299,64,1+1
,1007,40648,64,1+11007,40648,64,1+1
,1008,40449,64,1+11008,40449,64,1+1
,1009,39949,64,1+11009,39949,64,1+1
,1010,41182,64,1+11010,41182,64,1+1
,1011,43101,64,1+11011,43100,64,1+1
,1012,39478,64,1+11012,39478,64,1+1
,1013,39304,64,1+11013,39303,64,1+1
,1014,42747,64,1+11014,42747,64,1+1
,1015,41956,64,1+11015,41955,64,1+1
,1016,41435,64,1+11016,41434,64,1+1
,1017,41529,64,1+11017,41528,64,1+1
,1018,41387,64,1+11018,41387,64,1+1
,1019,41002,64,1+11019,41002,64,1+1
,1020,39960,64,1+11020,39959,64,1+1
,1021,39446,64,1+11021,39446,64,1+1
,1022,40741,64,1+11022,40740,64,1+1
,1023,43080,64,1+11023,43080,64,1+1
,1024,42739,64,1+11024,42738,64,1+1
,1025,43379,64,1+11025,43378,64,1+1
,1026,43323,64,1+11026,43323,64,1+1
,1027,42543,64,1+11027,42542,64,1+1
,1028,41790,64,1+11028,41790,64,1+1
,1029,41405,64,1+11029,41405,64,1+1
,1030,41418,64,1+11030,41418,64,1+1
,1031,41094,64,1+11031,41093,64,1+1
,1032,41452,64,1+11032,41452,64,1+1
,1033,40689,64,1+11033,40689,64,1+1
,1034,45254,64,1+11034,43936,64,1+1
,1035,23814,64,1+11035,23814,64,1+1
,1036,38549,64,1+11036,38548,64,1+1
,1037,42768,64,1+11037,42768,64,1+1
,1038,41097,64,1+11038,41096,64,1+1
,1039,41193,64,1+11039,41193,64,1+1
,1040,41390,64,1+11040,41390,64,1+1
,1041,41274,64,1+11041,41273,64,1+1
,1042,41745,64,1+11042,41744,64,1+1
,1043,41573,64,1+11043,41572,64,1+1
,1044,41080,64,1+11044,41080,64,1+1
,1045,40250,64,1+11045,40249,64,1+1
,1046,41640,64,1+11046,41640,64,1+1
,1047,43816,64,1+11047,43816,64,1+1
,1048,37091,64,1+11048,37091,64,1+1
,1049,39405,64,1+11049,39405,64,1+1
,1050,38708,64,1+11050,38707,64,1+1
,1051,38106,64,1+11051,38106,64,1+1
,1052,38182,64,1+11052,38182,64,1+1
,1053,40632,64,1+11053,40632,64,1+1
,1054,41510,64,1+11054,41510,64,1+1
,1055,41254,64,1+11055,41254,64,1+1
,1056,40521,64,1+11056,40520,64,1+1
,1057,40515,64,1+11057,40515,64,1+1
,1058,39869,64,1+11058,39868,64,1+1
,1059,45869,64,1+11059,45869,64,1+1
,1060,36110,64,1+11060,36110,64,1+1
,1062,41882,64,1+11062,41881,64,1+1
,1063,42414,64,1+11063,42414,64,1+1
,1064,42184,64,1+11064,42183,64,1+1
,1065,29527,64,1+11065,29527,64,1+1
,1067,28185,64,1+11067,28185,64,1+1
,1068,41198,64,1+11068,41197,64,1+1
,1069,41035,64,1+11069,41034,64,1+1
,1070,40398,64,1+11070,40398,64,1+1
,1071,40222,64,1+11071,40222,64,1+1
,1072,39337,64,1+11072,39337,64,1+1
,1073,41335,64,1+11073,41334,64,1+1
,1074,43231,64,1+11074,43230,64,1+1
,1075,27479,64,1+11075,27478,64,1+1
,1076,42304,64,1+11076,42304,64,1+1
,1077,42007,64,1+11077,42006,64,1+1
,1078,42364,64,1+11078,42364,64,1+1
,1079,41912,64,1+11079,41912,64,1+1
,1080,41758,64,1+11080,41758,64,1+1
,1081,41669,64,1+11081,41669,64,1+1
,1082,41602,64,1+11082,41602,64,1+1
,1083,41380,64,1+11083,41380,64,1+1
,1084,40322,64,1+11084,40322,64,1+1
,1085,41791,64,1+11085,41791,64,1+1
,1086,43407,64,1+11086,43406,64,1+1
,1087,42729,64,1+11087,42729,64,1+1
,1088,41646,64,1+11088,41645,64,1+1
,1089,41492,64,1+11089,41492,64,1+1
,1090,40977,64,1+11090,40976,64,1+1
,1091,40416,64,1+11091,40415,64,1+1
,1092,40232,64,1+11092,40232,64,1+1
,1093,39780,64,1+11093,39779,64,1+1
,1094,39806,64,1+11094,39806,64,1+1
,1095,39737,64,1+11095,39736,64,1+1
,1096,38592,64,1+11096,38592,64,1+1
,1097,40075,64,1+11097,40074,64,1+1
,1098,44001,64,1+11098,44001,64,1+1
,1099,43070,64,1+11099,43069,64,1+1
,1100,42471,64,1+11100,42471,64,1+1
,1101,41712,64,1+11101,41712,64,1+1
,1102,42409,64,1+11102,42408,64,1+1
,1103,41994,64,1+11103,41993,64,1+1
,1104,41250,64,1+11104,41249,64,1+1
,1105,41253,64,1+11105,41253,64,1+1
,1106,40811,64,1+11106,40810,64,1+1
,1107,39930,64,1+11107,39930,64,1+1
,1108,39320,64,1+11108,39319,64,1+1
,1109,41512,64,1+11109,41511,64,1+1
,1110,41439,64,1+11110,41438,64,1+1
,1111,42986,64,1+11111,42985,64,1+1
,1112,42177,64,1+11112,42176,64,1+1
,1113,41154,64,1+11113,41154,64,1+1
,1114,41121,64,1+11114,41120,64,1+1
,1115,41559,64,1+11115,41559,64,1+1
,1116,41428,64,1+11116,41428,64,1+1
,1117,41091,64,1+11117,41090,64,1+1
,1118,39377,64,1+11118,39377,64,1+1
,1119,37114,64,1+11119,37113,64,1+1
,1120,36489,64,1+11120,36489,64,1+1
,1121,38827,64,1+11121,38826,64,1+1
,1122,43818,64,1+11122,43817,64,1+1
,1123,43397,64,1+11123,43396,64,1+1
,1124,34541,64,1+11124,34540,64,1+1
,1125,42652,64,1+11125,42651,64,1+1
,1126,42351,64,1+11126,42351,64,1+1
,1127,42231,64,1+11127,42231,64,1+1
,1128,41828,64,1+11128,41827,64,1+1
,1129,41464,64,1+11129,41464,64,1+1
,1130,41315,64,1+11130,41314,64,1+1
,1131,41261,64,1+11131,41260,64,1+1
,1132,40594,64,1+11132,40594,64,1+1
,1133,42480,64,1+11133,42480,64,1+1
,1134,44215,64,1+11134,44214,64,1+1
,1135,35423,64,1+11135,35423,64,1+1
,1136,42763,64,1+11136,42762,64,1+1
,1137,42064,64,1+11137,42064,64,1+1
,1138,41651,64,1+11138,41650,64,1+1
,1139,41415,64,1+11139,41414,64,1+1
,1140,40885,64,1+11140,40885,64,1+1
,1141,40813,64,1+11141,40812,64,1+1
,1142,40882,64,1+11142,40882,64,1+1
,1143,37807,64,1+11143,37807,64,1+1
,1144,35950,64,1+11144,35950,64,1+1
,1145,34994,64,1+11145,34993,64,1+1
,1146,39967,64,1+11146,39966,64,1+1
,1147,42964,64,1+11147,42964,64,1+1
,1148,41826,64,1+11148,41826,64,1+1
,1149,41293,64,1+11149,41292,64,1+1
,1150,39490,64,1+11150,39490,64,1+1
,1151,36417,64,1+11151,36416,64,1+1
,1152,36498,64,1+11152,36497,64,1+1
,1153,36534,64,1+11153,36534,64,1+1
,1154,36713,64,1+11154,36713,64,1+1
,1155,39695,64,1+11155,39694,64,1+1
,1156,39118,64,1+11156,39117,64,1+1
,1157,35190,64,1+11157,35189,64,1+1
,1158,37964,64,1+11158,37963,64,1+1
,1159,39385,64,1+11159,39385,64,1+1
,1160,38679,64,1+11160,38679,64,1+1
,1161,39686,64,1+11161,39686,64,1+1
,1162,41266,64,1+11162,41265,64,1+1
,1163,42511,64,1+11163,42510,64,1+1
,1164,42372,64,1+11164,42371,64,1+1
,1165,41789,64,1+11165,41788,64,1+1
,1166,41628,64,1+11166,41627,64,1+1
,1167,41444,64,1+11167,41444,64,1+1
,1168,41047,64,1+11168,41047,64,1+1
,1169,40557,64,1+11169,40557,64,1+1
,1170,42535,64,1+11170,42534,64,1+1
,1171,40368,64,1+11171,40367,64,1+1
,1172,40701,64,1+11172,40701,64,1+1
,1173,41119,64,1+11173,41118,64,1+1
,1174,41445,64,1+11174,41445,64,1+1
,1175,40942,64,1+11175,40942,64,1+1
,1176,40764,64,1+11176,40764,64,1+1
,1177,40999,64,1+11177,40998,64,1+1
,1178,40667,64,1+11178,40667,64,1+1
,1179,40648,64,1+11179,40647,64,1+1
,1180,40460,64,1+11180,40459,64,1+1
,1181,39342,64,1+11181,39342,64,1+1
,1182,42148,64,1+11182,42148,64,1+1
,1183,43909,64,1+11183,43909,64,1+1
,1184,40361,64,1+11184,40361,64,1+1
,1185,26677,64,1+11185,26677,64,1+1
,1186,40323,64,1+11186,40323,64,1+1
,1187,40598,64,1+11187,40598,64,1+1
,1188,40321,64,1+11188,40320,64,1+1
,1189,40631,64,1+11189,40631,64,1+1
,1190,40172,64,1+11190,40171,64,1+1
,1191,40287,64,1+11191,40287,64,1+1
,1192,40033,64,1+11192,40032,64,1+1
,1193,39689,64,1+11193,39688,64,1+1
,1194,39018,64,1+11194,39017,64,1+1
,1195,44118,64,1+11195,44118,64,1+1
,1196,42774,64,1+11196,42774,64,1+1
,1197,42080,64,1+11197,42079,64,1+1
,1198,41673,64,1+11198,41672,64,1+1
,1199,41253,64,1+11199,41252,64,1+1
,1200,40900,64,1+11200,40899,64,1+1
,1201,40590,64,1+11201,40590,64,1+1
,1202,40456,64,1+11202,40455,64,1+1
,1203,40153,64,1+11203,40152,64,1+1
,1204,39694,64,1+11204,39694,64,1+1
,1205,39786,64,1+11205,39786,64,1+1
,1206,38710,64,1+11206,38710,64,1+1
,1207,44354,64,1+11207,44353,64,1+1
,1208,43182,64,1+11208,43182,64,1+1
,1209,38329,64,1+11209,38329,64,1+1
,1211,50597,64,1+11211,41296,64,1+1
,1212,51368,64,1+11212,51368,64,1+1
,1213,41163,64,1+11213,41162,64,1+1
,1214,41075,64,1+11214,41075,64,1+1
,1215,41113,64,1+11215,41113,64,1+1
,1216,40871,64,1+11216,40871,64,1+1
,1217,40817,64,1+11217,40817,64,1+1
,1218,40228,64,1+11218,40227,64,1+1
,1219,41430,64,1+11219,41429,64,1+1
,1220,43260,64,1+11220,43260,64,1+1
,1221,42593,64,1+11221,42593,64,1+1
,1222,41774,64,1+11222,41774,64,1+1
,1223,37834,64,1+11223,37834,64,1+1
,1224,37543,64,1+11224,37543,64,1+1
,1225,34285,64,1+11225,34285,64,1+1
,1226,37440,64,1+11226,37440,64,1+1
,1227,37160,64,1+11227,37160,64,1+1
,1228,39718,64,1+11228,39717,64,1+1
,1229,41163,64,1+11229,41163,64,1+1
,1230,41126,64,1+11230,41125,64,1+1
,1231,39869,64,1+11231,39868,64,1+1
,1232,44215,64,1+11232,44214,64,1+1
,1233,43583,64,1+11233,43582,64,1+1
,1234,42912,64,1+11234,42911,64,1+1
,1235,30494,64,1+11235,30494,64,1+1
,1236,41920,64,1+11236,41919,64,1+1
,1237,41758,64,1+11237,41757,64,1+1
,1238,41957,64,1+11238,41956,64,1+1
,1239,41813,64,1+11239,41812,64,1+1
,1240,41258,64,1+11240,41258,64,1+1
,1241,40966,64,1+11241,40965,64,1+1
,1242,41268,64,1+11242,41267,64,1+1
,1243,40771,64,1+11243,40770,64,1+1
,1244,45487,64,1+11244,45486,64,1+1
,1245,44171,64,1+11245,44171,64,1+1
,1246,42971,64,1+11246,42970,64,1+1
,1247,42613,64,1+11247,42613,64,1+1
,1248,42386,64,1+11248,42386,64,1+1
,1249,39930,64,1+11249,39930,64,1+1
,1250,38819,64,1+11250,38818,64,1+1
,1251,41999,64,1+11251,41998,64,1+1
,1252,41965,64,1+11252,41965,64,1+1
,1253,41913,64,1+11253,41912,64,1+1
,1254,40690,64,1+11254,40689,64,1+1
,1255,40954,64,1+11255,40954,64,1+1
,1256,44305,64,1+11256,44304,64,1+1
,1257,43123,64,1+11257,43122,64,1+1
,1258,41979,64,1+11258,41979,64,1+1
,1259,41203,64,1+11259,41202,64,1+1
,1260,41360,64,1+11260,41359,64,1+1
,1261,41411,64,1+11261,41410,64,1+1
,1262,39920,64,1+11262,39920,64,1+1
,1263,37564,64,1+11263,37563,64,1+1
,1264,39419,64,1+11264,39418,64,1+1
,1265,40917,64,1+11265,40917,64,1+1
,1266,40163,64,1+11266,40163,64,1+1
,1267,41620,64,1+11267,41620,64,1+1
,1268,43611,64,1+11268,43610,64,1+1
,1269,42323,64,1+11269,42322,64,1+1
,1270,41588,64,1+11270,41588,64,1+1
,1271,41767,64,1+11271,41766,64,1+1
,1272,42738,64,1+11272,42737,64,1+1
,1273,42200,64,1+11273,42200,64,1+1
,1274,41496,64,1+11274,41495,64,1+1
,1275,41215,64,1+11275,41215,64,1+1
,1276,41396,64,1+11276,41395,64,1+1
,1277,41414,64,1+11277,41413,64,1+1
,1278,40383,64,1+11278,40383,64,1+1
,1279,42532,64,1+11279,42531,64,1+1
,1280,44231,64,1+11280,44231,64,1+1
,1281,42001,64,1+11281,42001,64,1+1
,1282,41268,64,1+11282,41267,64,1+1
,1283,40678,64,1+11283,40678,64,1+1
,1284,40459,64,1+11284,40459,64,1+1
,1285,39830,64,1+11285,39830,64,1+1
,1286,39706,64,1+11286,39705,64,1+1
,1287,39377,64,1+11287,39376,64,1+1
,1288,39141,64,1+11288,39141,64,1+1
,1289,39304,64,1+11289,39303,64,1+1
,1290,38697,64,1+11290,38696,64,1+1
,1291,39689,64,1+11291,39688,64,1+1
,1292,39787,64,1+11292,39787,64,1+1
,1293,40002,64,1+11293,40002,64,1+1
,1294,41353,64,1+11294,41352,64,1+1
,1295,41063,64,1+11295,41063,64,1+1
,1296,41272,64,1+11296,41272,64,1+1
,1297,41114,64,1+11297,41114,64,1+1
,1298,41158,64,1+11298,41158,64,1+1
,1299,40850,64,1+11299,40849,64,1+1
,1300,40060,64,1+11300,40059,64,1+1
,1301,40322,64,1+11301,40322,64,1+1
,1302,39940,64,1+11302,39940,64,1+1
,1303,31090,64,1+11303,31090,64,1+1
,1304,35781,64,1+11304,35780,64,1+1
,1305,30392,64,1+11305,30392,64,1+1
,1306,27915,64,1+11306,27915,64,1+1
,1307,27959,64,1+11307,27958,64,1+1
,1308,27931,64,1+11308,27931,64,1+1
,1309,27914,64,1+11309,27913,64,1+1
,1310,27965,64,1+11310,27965,64,1+1
,1311,27923,64,1+11311,27923,64,1+1
,1312,27919,64,1+11312,27919,64,1+1
,1313,27942,64,1+11313,27941,64,1+1
,1314,27699,64,1+11314,27698,64,1+1
,1315,40560,64,1+11315,40559,64,1+1
,1316,40966,64,1+11316,40966,64,1+1
,1317,40926,64,1+11317,40925,64,1+1
,1318,40154,64,1+11318,40153,64,1+1
,1319,42636,64,1+11319,42635,64,1+1
,1320,39736,64,1+11320,39735,64,1+1
,1321,38975,64,1+11321,38974,64,1+1
,1322,38334,64,1+11322,38333,64,1+1
,1323,38667,64,1+11323,38667,64,1+1
,1324,38420,64,1+11324,38420,64,1+1
,1325,39351,64,1+11325,39351,64,1+1
,1326,41650,64,1+11326,41650,64,1+1
,1327,41554,64,1+11327,41554,64,1+1
,1328,41655,64,1+11328,41654,64,1+1
,1329,41139,64,1+11329,41139,64,1+1
,1330,40444,64,1+11330,40443,64,1+1
,1331,43501,64,1+11331,43500,64,1+1
,1332,44760,64,1+11332,44759,64,1+1
,1333,43299,64,1+11333,43298,64,1+1
,1334,41902,64,1+11334,41901,64,1+1
,1335,40085,64,1+11335,40084,64,1+1
,1336,39201,64,1+11336,39200,64,1+1
,1337,40836,64,1+11337,40835,64,1+1
,1338,40784,64,1+11338,40784,64,1+1
,1339,40731,64,1+11339,40730,64,1+1
,1340,40335,64,1+11340,40335,64,1+1
,1341,39964,64,1+11341,39964,64,1+1
,1342,39772,64,1+11342,39771,64,1+1
,1343,43551,64,1+11343,43551,64,1+1
,1344,43396,64,1+11344,43395,64,1+1
,1345,41561,64,1+11345,41560,64,1+1
,1346,41268,64,1+11346,41268,64,1+1
,1347,41387,64,1+11347,41386,64,1+1
,1348,39790,64,1+11348,39790,64,1+1
,1349,40789,64,1+11349,40788,64,1+1
,1350,40845,64,1+11350,40844,64,1+1
,1351,40763,64,1+11351,40763,64,1+1
,1352,40522,64,1+11352,40521,64,1+1
,1353,40286,64,1+11353,40286,64,1+1
,1354,39693,64,1+11354,39693,64,1+1
,1355,43980,64,1+11355,43979,64,1+1
,1356,44091,64,1+11356,44090,64,1+1
,1357,42587,64,1+11357,42587,64,1+1
,1358,41959,64,1+11358,41959,64,1+1
,1359,42811,64,1+11359,42810,64,1+1
,1360,42349,64,1+11360,42349,64,1+1
,1361,41789,64,1+11361,41789,64,1+1
,1362,40771,64,1+11362,40770,64,1+1
,1363,40444,64,1+11363,40443,64,1+1
,1364,40199,64,1+11364,40199,64,1+1
,1365,40610,64,1+11365,40609,64,1+1
,1366,39680,64,1+11366,39679,64,1+1
,1367,44706,64,1+11367,44705,64,1+1
,1368,42032,64,1+11368,42031,64,1+1
,1369,41443,64,1+11369,41443,64,1+1
,1370,41868,64,1+11370,41868,64,1+1
,1371,40944,64,1+11371,40943,64,1+1
,1372,41204,64,1+11372,41204,64,1+1
,1373,41727,64,1+11373,41726,64,1+1
,1374,41212,64,1+11374,41211,64,1+1
,1375,41348,64,1+11375,41347,64,1+1
,1376,41281,64,1+11376,41281,64,1+1
,1377,40879,64,1+11377,40879,64,1+1
,1378,40595,64,1+11378,40595,64,1+1
,1379,44320,64,1+11379,44319,64,1+1
,1380,43886,64,1+11380,43886,64,1+1
,1381,43205,64,1+11381,43204,64,1+1
,1382,43080,64,1+11382,43079,64,1+1
,1383,42868,64,1+11383,42867,64,1+1
,1384,42659,64,1+11384,42658,64,1+1
,1385,42151,64,1+11385,42150,64,1+1
,1386,41754,64,1+11386,41753,64,1+1
,1387,41661,64,1+11387,41660,64,1+1
,1388,40731,64,1+11388,40730,64,1+1
,1389,39060,64,1+11389,39059,64,1+1
,1390,41792,64,1+11390,41792,64,1+1
,1391,45022,64,1+11391,45021,64,1+1
,1392,43667,64,1+11392,43666,64,1+1
,1393,34781,64,1+11393,34780,64,1+1
,1394,41126,64,1+11394,41125,64,1+1
,1395,41830,64,1+11395,41830,64,1+1
,1396,41705,64,1+11396,41705,64,1+1
,1397,41440,64,1+11397,41440,64,1+1
,1398,40914,64,1+11398,40913,64,1+1
,1399,40525,64,1+11399,40524,64,1+1
,1400,40130,64,1+11400,40130,64,1+1
,1401,39533,64,1+11401,39532,64,1+1
,1402,42207,64,1+11402,42206,64,1+1
,1403,43784,64,1+11403,43784,64,1+1
,1404,42987,64,1+11404,42986,64,1+1
,1405,41967,64,1+11405,41967,64,1+1
,1406,41426,64,1+11406,41425,64,1+1
,1407,41428,64,1+11407,41427,64,1+1
,1408,41473,64,1+11408,41472,64,1+1
,1409,41195,64,1+11409,41194,64,1+1
,1410,41116,64,1+11410,41115,64,1+1
,1411,40947,64,1+11411,40946,64,1+1
,1412,41142,64,1+11412,41142,64,1+1
,1413,41019,64,1+11413,41019,64,1+1
,1414,43754,64,1+11414,43754,64,1+1
,1415,42392,64,1+11415,42392,64,1+1
,1416,42484,64,1+11416,42483,64,1+1
,1417,42528,64,1+11417,42527,64,1+1
,1418,42318,64,1+11418,42317,64,1+1
,1419,41017,64,1+11419,41017,64,1+1
,1420,37191,64,1+11420,37190,64,1+1
,1421,33603,64,1+11421,33602,64,1+1
,1422,37296,64,1+11422,37296,64,1+1
,1423,40907,64,1+11423,40907,64,1+1
,1424,41496,64,1+11424,41496,64,1+1
,1425,40593,64,1+11425,40592,64,1+1
,1426,42803,64,1+11426,42803,64,1+1
,1427,43457,64,1+11427,43457,64,1+1
,1428,41192,64,1+11428,41191,64,1+1
,1429,42588,64,1+11429,42587,64,1+1
,1430,42216,64,1+11430,42216,64,1+1
,1431,42171,64,1+11431,42170,64,1+1
,1432,42191,64,1+11432,42190,64,1+1
,1433,42877,64,1+11433,42877,64,1+1
,1434,42923,64,1+11434,42923,64,1+1
,1435,42740,64,1+11435,42739,64,1+1
,1436,42359,64,1+11436,42358,64,1+1
,1437,40185,64,1+11437,40184,64,1+1
,1438,40429,64,1+11438,40428,64,1+1
,1439,39962,64,1+11439,39961,64,1+1
,1440,40893,64,1+11440,40893,64,1+1
,1441,43567,64,1+11441,43567,64,1+1
,1442,42437,64,1+11442,42437,64,1+1
,1443,42065,64,1+11443,42064,64,1+1
,1444,41831,64,1+11444,41830,64,1+1
,1445,42610,64,1+11445,42609,64,1+1
,1446,42244,64,1+11446,42243,64,1+1
,1447,41844,64,1+11447,41843,64,1+1
,1448,40956,64,1+11448,40955,64,1+1
,1449,41071,64,1+11449,41071,64,1+1
,1450,45532,64,1+11450,45532,64,1+1
,1451,40450,64,1+11451,40449,64,1+1
,1452,43841,64,1+11452,43840,64,1+1
,1453,43450,64,1+11453,43450,64,1+1
,1454,42247,64,1+11454,42246,64,1+1
,1455,41483,64,1+11455,41483,64,1+1
,1456,41438,64,1+11456,41437,64,1+1
,1457,41214,64,1+11457,41213,64,1+1
,1458,40923,64,1+11458,40922,64,1+1
,1459,40746,64,1+11459,40745,64,1+1
,1460,39996,64,1+11460,39996,64,1+1
,1461,41902,64,1+11461,41901,64,1+1
,1462,43041,64,1+11462,43041,64,1+1
,1463,39365,64,1+11463,39364,64,1+1
,1464,39143,64,1+11464,39143,64,1+1
,1465,39105,64,1+11465,39105,64,1+1
,1466,39112,64,1+11466,39111,64,1+1
,1467,39132,64,1+11467,39131,64,1+1
,1468,39114,64,1+11468,39113,64,1+1
,1469,39074,64,1+11469,39073,64,1+1
,1470,39119,64,1+11470,39118,64,1+1
,1471,39139,64,1+11471,39138,64,1+1
,1472,39070,64,1+11472,39070,64,1+1
,1473,39143,64,1+11473,39142,64,1+1
,1474,31436,64,1+11474,31436,64,1+1
,1475,31183,64,1+11475,31183,64,1+1
,1476,31387,64,1+11476,31387,64,1+1
,1477,36772,64,1+11477,31316,64,1+1
,1478,32573,64,1+11478,32573,64,1+1
,1479,25037,64,1+11479,25036,64,1+1
,1480,25043,64,1+11480,25043,64,1+1
,1481,25009,64,1+11481,25009,64,1+1
,1482,25054,64,1+11482,25054,64,1+1
,1483,25009,64,1+11483,25009,64,1+1
,1484,25036,64,1+11484,25036,64,1+1
,1485,25039,64,1+11485,25039,64,1+1
,1486,25018,64,1+11486,25018,64,1+1
,1487,25019,64,1+11487,25019,64,1+1
,1488,25038,64,1+11488,25038,64,1+1
,1489,25032,64,1+11489,25031,64,1+1
,1490,25028,64,1+11490,25028,64,1+1
,1491,25027,64,1+11491,25027,64,1+1
,1492,21833,64,1+11492,21833,64,1+1
,1493,19140,64,1+11493,19139,64,1+1
,1494,16002,64,1+11494,16002,64,1+1
,1495,16021,64,1+11495,16021,64,1+1
,1496,16027,64,1+11496,16027,64,1+1
,1497,16012,64,1+11497,16012,64,1+1
,1498,16017,64,1+11498,16017,64,1+1
,1499,16015,64,1+11499,16015,64,1+1
,1500,16015,64,1+11500,16015,64,1+1
,1501,16015,64,1+11501,16015,64,1+1
,1502,16011,64,1+11502,16011,64,1+1
,1503,16027,64,1+11503,16027,64,1+1
,1504,16014,64,1+11504,16014,64,1+1
,1505,16011,64,1+11505,16011,64,1+1
,1506,16014,64,1+11506,16014,64,1+1
,1507,15909,64,1+11507,15908,64,1+1
,1508,16124,64,1+11508,16124,64,1+1
,1509,16018,64,1+11509,16018,64,1+1
,1510,16022,64,1+11510,16022,64,1+1
,1511,16007,64,1+11511,16007,64,1+1
,1512,16019,64,1+11512,16018,64,1+1
,1513,16021,64,1+11513,16021,64,1+1
,1514,16013,64,1+11514,16013,64,1+1
,1515,16021,64,1+11515,16021,64,1+1
,1516,16019,64,1+11516,16018,64,1+1
,1517,16017,64,1+11517,16017,64,1+1
,1518,16012,64,1+11518,16012,64,1+1
,1519,16014,64,1+11519,16014,64,1+1
,1520,16026,64,1+11520,16026,64,1+1
,1521,16011,64,1+11521,16011,64,1+1
,1522,15073,64,1+11522,15073,64,1+1
,1523,27888,64,1+11523,27887,64,1+1
,1524,42594,64,1+11524,42593,64,1+1
,1525,42094,64,1+11525,42093,64,1+1
,1526,41579,64,1+11526,41579,64,1+1
,1527,41416,64,1+11527,41415,64,1+1
,1528,40266,64,1+11528,40266,64,1+1
,1529,40432,64,1+11529,40432,64,1+1
,1530,40461,64,1+11530,40460,64,1+1
,1531,40565,64,1+11531,40564,64,1+1
,1532,39921,64,1+11532,39921,64,1+1
,1533,39893,64,1+11533,39892,64,1+1
,1534,39212,64,1+11534,39211,64,1+1
,1535,43131,64,1+11535,43131,64,1+1
,1536,42697,64,1+11536,42696,64,1+1
,1537,41909,64,1+11537,41908,64,1+1
,1538,41981,64,1+11538,41981,64,1+1
,1539,41410,64,1+11539,41409,64,1+1
,1540,40854,64,1+11540,40854,64,1+1
,1541,39680,64,1+11541,39679,64,1+1
,1542,40336,64,1+11542,40336,64,1+1
,1543,40340,64,1+11543,40339,64,1+1
,1544,40252,64,1+11544,40252,64,1+1
,1545,40039,64,1+11545,40039,64,1+1
,1546,39448,64,1+11546,39447,64,1+1
,1547,43602,64,1+11547,43602,64,1+1
,1548,43444,64,1+11548,43443,64,1+1
,1549,41816,64,1+11549,41815,64,1+1
,1550,41980,64,1+11550,41979,64,1+1
,1551,41894,64,1+11551,41893,64,1+1
,1552,41930,64,1+11552,41930,64,1+1
,1553,41866,64,1+11553,41866,64,1+1
,1554,41075,64,1+11554,41074,64,1+1
,1555,41548,64,1+11555,41548,64,1+1
,1556,41019,64,1+11556,41019,64,1+1
,1557,41256,64,1+11557,41256,64,1+1
,1558,40384,64,1+11558,40384,64,1+1
,1559,45488,64,1+11559,45487,64,1+1
,1560,43961,64,1+11560,43960,64,1+1
,1561,43389,64,1+11561,43389,64,1+1
,1562,42168,64,1+11562,42167,64,1+1
,1563,42580,64,1+11563,42579,64,1+1
,1564,42589,64,1+11564,42588,64,1+1
,1565,42034,64,1+11565,42034,64,1+1
,1566,40883,64,1+11566,40883,64,1+1
,1567,40775,64,1+11567,40774,64,1+1
,1568,40602,64,1+11568,40601,64,1+1
,1569,39796,64,1+11569,39796,64,1+1
,1570,41104,64,1+11570,41103,64,1+1
,1571,42477,64,1+11571,42476,64,1+1
,1572,32348,64,1+11572,32347,64,1+1
,1573,42972,64,1+11573,42972,64,1+1
,1574,42756,64,1+11574,42756,64,1+1
,1575,42201,64,1+11575,42201,64,1+1
,1576,41896,64,1+11576,41896,64,1+1
,1577,41487,64,1+11577,41487,64,1+1
,1578,41635,64,1+11578,41635,64,1+1
,1579,41502,64,1+11579,41502,64,1+1
,1580,41407,64,1+11580,41407,64,1+1
,1581,41160,64,1+11581,41160,64,1+1
,1582,42258,64,1+11582,42258,64,1+1
,1583,43148,64,1+11583,43147,64,1+1
,1584,42596,64,1+11584,42595,64,1+1
,1585,41998,64,1+11585,41997,64,1+1
,1586,41767,64,1+11586,41767,64,1+1
,1587,41747,64,1+11587,41747,64,1+1
,1588,41183,64,1+11588,41182,64,1+1
,1589,40836,64,1+11589,40836,64,1+1
,1590,40935,64,1+11590,40934,64,1+1
,1591,40561,64,1+11591,40561,64,1+1
,1592,40602,64,1+11592,40601,64,1+1
,1593,40127,64,1+11593,40127,64,1+1
,1594,43207,64,1+11594,43206,64,1+1
,1595,43981,64,1+11595,43981,64,1+1
,1596,42351,64,1+11596,42350,64,1+1
,1597,42389,64,1+11597,42388,64,1+1
,1598,43128,64,1+11598,43127,64,1+1
,1599,42885,64,1+11599,42885,64,1+1
,1600,41657,64,1+11600,41657,64,1+1
,1601,41609,64,1+11601,41609,64,1+1
,1602,41622,64,1+11602,41622,64,1+1
,1603,41604,64,1+11603,41604,64,1+1
,1604,40226,64,1+11604,40225,64,1+1
,1605,39809,64,1+11605,39808,64,1+1
,1606,44086,64,1+11606,44085,64,1+1
,1607,42306,64,1+11607,42306,64,1+1
,1608,42045,64,1+11608,42045,64,1+1
,1609,41360,64,1+11609,41359,64,1+1
,1610,41120,64,1+11610,41120,64,1+1
,1611,41079,64,1+11611,41079,64,1+1
,1612,40569,64,1+11612,40568,64,1+1
,1613,39379,64,1+11613,39378,64,1+1
,1614,37410,64,1+11614,37410,64,1+1
,1615,37131,64,1+11615,37130,64,1+1
,1616,37335,64,1+11616,37335,64,1+1
,1617,36344,64,1+11617,36344,64,1+1
,1618,39175,64,1+11618,39174,64,1+1
,1619,39861,64,1+11619,39861,64,1+1
,1620,43613,64,1+11620,43612,64,1+1
,1621,42508,64,1+11621,42507,64,1+1
,1622,42143,64,1+11622,42142,64,1+1
,1623,41730,64,1+11623,41729,64,1+1
,1624,42109,64,1+11624,42108,64,1+1
,1625,41684,64,1+11625,41683,64,1+1
,1626,40790,64,1+11626,40790,64,1+1
,1627,41300,64,1+11627,41299,64,1+1
,1628,41207,64,1+11628,41206,64,1+1
,1629,40875,64,1+11629,40874,64,1+1
,1630,44027,64,1+11630,44026,64,1+1
,1631,42953,64,1+11631,42952,64,1+1
,1632,42728,64,1+11632,42727,64,1+1
,1633,42286,64,1+11633,42286,64,1+1
,1634,41641,64,1+11634,41640,64,1+1
,1635,42050,64,1+11635,42049,64,1+1
,1636,41924,64,1+11636,41923,64,1+1
,1637,41156,64,1+11637,41156,64,1+1
,1638,41363,64,1+11638,41363,64,1+1
,1639,41419,64,1+11639,41419,64,1+1
,1640,40160,64,1+11640,40160,64,1+1
,1641,39777,64,1+11641,39777,64,1+1
,1642,43879,64,1+11642,43878,64,1+1
,1643,43315,64,1+11643,43315,64,1+1
,1644,42491,64,1+11644,42490,64,1+1
,1645,42457,64,1+11645,42456,64,1+1
,1646,42108,64,1+11646,42108,64,1+1
,1647,41666,64,1+11647,41665,64,1+1
,1648,41475,64,1+11648,41474,64,1+1
,1649,41140,64,1+11649,41139,64,1+1
,1650,41017,64,1+11650,41017,64,1+1
,1651,40836,64,1+11651,40835,64,1+1
,1652,40736,64,1+11652,40736,64,1+1
,1653,41108,64,1+11653,41107,64,1+1
,1654,43848,64,1+11654,43847,64,1+1
,1655,43077,64,1+11655,43077,64,1+1
,1656,42409,64,1+11656,42409,64,1+1
,1657,29511,64,1+11657,29510,64,1+1
,1658,38858,64,1+11658,38857,64,1+1
,1659,40627,64,1+11659,40627,64,1+1
,1660,40377,64,1+11660,40377,64,1+1
,1661,40331,64,1+11661,40330,64,1+1
,1662,39647,64,1+11662,39647,64,1+1
,1663,40727,64,1+11663,40727,64,1+1
,1664,40553,64,1+11664,40552,64,1+1
,1665,39786,64,1+11665,39786,64,1+1
,1666,45010,64,1+11666,45009,64,1+1
,1667,43377,64,1+11667,43377,64,1+1
,1668,42697,64,1+11668,42696,64,1+1
,1669,42732,64,1+11669,42732,64,1+1
,1670,41686,64,1+11670,41686,64,1+1
,1671,41229,64,1+11671,41228,64,1+1
,1672,41486,64,1+11672,41486,64,1+1
,1673,41131,64,1+11673,41131,64,1+1
,1674,40649,64,1+11674,40649,64,1+1
,1675,40346,64,1+11675,40345,64,1+1
,1676,40294,64,1+11676,40293,64,1+1
,1677,40218,64,1+11677,40218,64,1+1
,1678,44240,64,1+11678,44240,64,1+1
,1679,19231,64,1+11679,19231,64,1+1
,1680,17952,64,1+11680,17952,64,1+1
,1681,17922,64,1+11681,17922,64,1+1
,1682,17932,64,1+11682,17931,64,1+1
,1683,17945,64,1+11683,17945,64,1+1
,1684,17942,64,1+11684,17942,64,1+1
,1685,17939,64,1+11685,17939,64,1+1
,1686,17928,64,1+11686,17927,64,1+1
,1687,17958,64,1+11687,17958,64,1+1
,1688,17931,64,1+11688,17931,64,1+1
,1689,17917,64,1+11689,17916,64,1+1
,1690,17967,64,1+11690,17967,64,1+1
,1691,17928,64,1+11691,17927,64,1+1
,1692,17946,64,1+11692,17945,64,1+1
,1693,17727,64,1+11693,17726,64,1+1
,1694,18143,64,1+11694,18142,64,1+1
,1695,17956,64,1+11695,17956,64,1+1
,1696,17947,64,1+11696,17946,64,1+1
,1697,17927,64,1+11697,17927,64,1+1
,1698,17933,64,1+11698,17933,64,1+1
,1699,17936,64,1+11699,17936,64,1+1
,1700,17946,64,1+11700,17946,64,1+1
,1701,17945,64,1+11701,17945,64,1+1
,1702,17944,64,1+11702,17944,64,1+1
,1703,16449,64,1+11703,16449,64,1+1
,1704,14298,64,1+11704,14298,64,1+1
,1705,11470,64,1+11705,11469,64,1+1
,1706,11478,64,1+11706,11478,64,1+1
,1707,11490,64,1+11707,11490,64,1+1
,1708,11475,64,1+11708,11475,64,1+1
,1709,11396,64,1+11709,11396,64,1+1
,1710,11564,64,1+11710,11564,64,1+1
,1711,11487,64,1+11711,11487,64,1+1
,1712,11484,64,1+11712,11484,64,1+1
,1713,11474,64,1+11713,11474,64,1+1
,1714,11486,64,1+11714,11486,64,1+1
,1715,11477,64,1+11715,11477,64,1+1
,1716,11482,64,1+11716,11482,64,1+1
,1717,11479,64,1+11717,11479,64,1+1
,1718,11481,64,1+11718,11481,64,1+1
,1719,11480,64,1+11719,11480,64,1+1
,1720,11484,64,1+11720,11484,64,1+1
,1721,11470,64,1+11721,11470,64,1+1
,1722,11492,64,1+11722,11491,64,1+1
,1723,11472,64,1+11723,11472,64,1+1
,1724,11479,64,1+11724,11479,64,1+1
,1725,11481,64,1+11725,11481,64,1+1
,1726,11479,64,1+11726,11479,64,1+1
,1727,11488,64,1+11727,11487,64,1+1
,1728,11479,64,1+11728,11478,64,1+1
,1729,11477,64,1+11729,11477,64,1+1
,1730,11485,64,1+11730,11485,64,1+1
,1731,11485,64,1+11731,11484,64,1+1
,1732,11479,64,1+11732,11479,64,1+1
,1733,11473,64,1+11733,11473,64,1+1
,1734,11483,64,1+11734,11483,64,1+1
,1735,11481,64,1+11735,11481,64,1+1
,1736,11479,64,1+11736,11479,64,1+1
,1737,11476,64,1+11737,11476,64,1+1
,1738,11491,64,1+11738,11491,64,1+1
,1739,11475,64,1+11739,11475,64,1+1
,1740,11481,64,1+11740,11481,64,1+1
,1741,11479,64,1+11741,11479,64,1+1
,1742,11481,64,1+11742,11481,64,1+1
,1743,11482,64,1+11743,11482,64,1+1
,1744,11485,64,1+11744,11485,64,1+1
,1745,11472,64,1+11745,11472,64,1+1
,1746,9319,64,1+11746,9318,64,1+1
,1747,7955,64,1+11747,7955,64,1+1
,1748,7341,64,1+11748,7341,64,1+1
,1749,7347,64,1+11749,7347,64,1+1
,1750,7344,64,1+11750,7343,64,1+1
,1751,7344,64,1+11751,7343,64,1+1
,1752,26670,64,1+11752,26670,64,1+1
,1753,41836,64,1+11753,41836,64,1+1
,1754,42155,64,1+11754,42154,64,1+1
,1755,42157,64,1+11755,42157,64,1+1
,1756,42336,64,1+11756,42336,64,1+1
,1757,41576,64,1+11757,41575,64,1+1
,1758,41306,64,1+11758,41305,64,1+1
,1759,41100,64,1+11759,41099,64,1+1
,1760,41264,64,1+11760,41264,64,1+1
,1761,40834,64,1+11761,40833,64,1+1
,1762,39906,64,1+11762,39906,64,1+1
,1763,44631,64,1+11763,44631,64,1+1
,1764,37143,64,1+11764,37143,64,1+1
,1765,42939,64,1+11765,42939,64,1+1
,1766,42629,64,1+11766,42629,64,1+1
,1767,42773,64,1+11767,42772,64,1+1
,1768,41859,64,1+11768,41858,64,1+1
,1769,41822,64,1+11769,41821,64,1+1
,1770,41807,64,1+11770,41807,64,1+1
,1771,41336,64,1+11771,41336,64,1+1
,1772,40826,64,1+11772,40826,64,1+1
,1773,39197,64,1+11773,39196,64,1+1
,1774,38705,64,1+11774,38705,64,1+1
,1775,44205,64,1+11775,44204,64,1+1
,1776,44199,64,1+11776,44199,64,1+1
,1777,43421,64,1+11777,43421,64,1+1
,1778,42622,64,1+11778,42621,64,1+1
,1779,42321,64,1+11779,42320,64,1+1
,1780,41512,64,1+11780,41512,64,1+1
,1781,40922,64,1+11781,40922,64,1+1
,1782,40552,64,1+11782,40551,64,1+1
,1783,40469,64,1+11783,40469,64,1+1
,1784,40150,64,1+11784,40150,64,1+1
,1785,40204,64,1+11785,40203,64,1+1
,1786,40929,64,1+11786,40929,64,1+1
,1787,43416,64,1+11787,43416,64,1+1
,1788,42559,64,1+11788,42559,64,1+1
,1789,41936,64,1+11789,41935,64,1+1
,1790,41329,64,1+11790,41328,64,1+1
,1791,41652,64,1+11791,41651,64,1+1
,1792,41549,64,1+11792,41549,64,1+1
,1793,41173,64,1+11793,41172,64,1+1
,1794,40993,64,1+11794,40993,64,1+1
,1795,41125,64,1+11795,41124,64,1+1
,1796,40620,64,1+11796,40619,64,1+1
,1797,39873,64,1+11797,39873,64,1+1
,1798,42114,64,1+11798,42113,64,1+1
,1799,41839,64,1+11799,41839,64,1+1
,1800,42300,64,1+11800,42300,64,1+1
,1801,21812,64,1+11801,21811,64,1+1
,1802,40036,64,1+11802,40036,64,1+1
,1803,39526,64,1+11803,39525,64,1+1
,1804,40896,64,1+11804,40895,64,1+1
,1805,41186,64,1+11805,41185,64,1+1
,1806,41029,64,1+11806,41028,64,1+1
,1807,40594,64,1+11807,40594,64,1+1
,1808,40242,64,1+11808,40242,64,1+1
,1809,39656,64,1+11809,39656,64,1+1
,1810,39052,64,1+11810,39051,64,1+1
,1811,43108,64,1+11811,43107,64,1+1
,1812,42703,64,1+11812,42702,64,1+1
,1813,42033,64,1+11813,42033,64,1+1
,1814,42428,64,1+11814,42427,64,1+1
,1815,42156,64,1+11815,42156,64,1+1
,1816,41751,64,1+11816,41751,64,1+1
,1817,41713,64,1+11817,41713,64,1+1
,1818,41274,64,1+11818,41274,64,1+1
,1819,40370,64,1+11819,40370,64,1+1
,1820,40252,64,1+11820,40252,64,1+1
,1821,38188,64,1+11821,38187,64,1+1
,1822,36360,64,1+11822,36360,64,1+1
,1823,40161,64,1+11823,40161,64,1+1
,1824,39456,64,1+11824,39455,64,1+1
,1825,38625,64,1+11825,38625,64,1+1
,1826,38113,64,1+11826,38112,64,1+1
,1827,38019,64,1+11827,38019,64,1+1
,1828,37432,64,1+11828,37432,64,1+1
,1829,39624,64,1+11829,39623,64,1+1
,1830,41724,64,1+11830,41723,64,1+1
,1831,41007,64,1+11831,41007,64,1+1
,1832,41382,64,1+11832,41381,64,1+1
,1833,41359,64,1+11833,41358,64,1+1
,1834,40587,64,1+11834,40586,64,1+1
,1835,42574,64,1+11835,42574,64,1+1
,1836,44060,64,1+11836,44059,64,1+1
,1837,42863,64,1+11837,42862,64,1+1
,1838,42085,64,1+11838,42085,64,1+1
,1839,41601,64,1+11839,41600,64,1+1
,1840,41096,64,1+11840,41096,64,1+1
,1841,40614,64,1+11841,40613,64,1+1
,1842,40663,64,1+11842,40662,64,1+1
,1843,40455,64,1+11843,40454,64,1+1
,1844,39722,64,1+11844,39722,64,1+1
,1845,39920,64,1+11845,39919,64,1+1
,1846,39369,64,1+11846,39369,64,1+1
,1847,42971,64,1+11847,42970,64,1+1
,1848,37930,64,1+11848,37930,64,1+1
,1849,42461,64,1+11849,42461,64,1+1
,1850,41682,64,1+11850,41681,64,1+1
,1851,40992,64,1+11851,40992,64,1+1
,1852,41439,64,1+11852,41438,64,1+1
,1853,41458,64,1+11853,41458,64,1+1
,1854,40954,64,1+11854,40953,64,1+1
,1855,41393,64,1+11855,41392,64,1+1
,1856,41512,64,1+11856,41511,64,1+1
,1857,41403,64,1+11857,41402,64,1+1
,1858,40245,64,1+11858,40245,64,1+1
,1859,43287,64,1+11859,43286,64,1+1
,1860,43596,64,1+11860,43596,64,1+1
,1861,40214,64,1+11861,40214,64,1+1
,1865,40673,64,1+11865,40673,64,1+1
,1866,41871,64,1+11866,41871,64,1+1
,1867,41929,64,1+11867,41928,64,1+1
,1868,41758,64,1+11868,41757,64,1+1
,1869,57690,64,1+11869,41223,64,1+1
,1870,57199,64,1+11870,57198,64,1+1
,1871,40765,64,1+11871,40765,64,1+1
,1872,40276,64,1+11872,40275,64,1+1
,1873,38062,64,1+11873,38062,64,1+1
,1874,40730,64,1+11874,40730,64,1+1
,1875,9885,64,1+11875,9884,64,1+1
,1876,43533,64,1+11876,43532,64,1+1
,1877,42523,64,1+11877,42522,64,1+1
,1878,42371,64,1+11878,42371,64,1+1
,1879,41627,64,1+11879,41627,64,1+1
,1880,41433,64,1+11880,41433,64,1+1
,1881,38678,64,1+11881,38678,64,1+1
,1882,40653,64,1+11882,40652,64,1+1
,1883,40436,64,1+11883,40436,64,1+1
,1884,40675,64,1+11884,40674,64,1+1
,1885,39363,64,1+11885,39362,64,1+1
,1886,42748,64,1+11886,42747,64,1+1
,1887,41154,64,1+11887,41153,64,1+1
,1888,43046,64,1+11888,43046,64,1+1
,1889,42543,64,1+11889,42543,64,1+1
,1890,42692,64,1+11890,42692,64,1+1
,1891,42572,64,1+11891,42571,64,1+1
,1892,42718,64,1+11892,42717,64,1+1
,1893,42595,64,1+11893,42594,64,1+1
,1894,41832,64,1+11894,41831,64,1+1
,1895,41350,64,1+11895,41349,64,1+1
,1896,41123,64,1+11896,41122,64,1+1
,1897,40538,64,1+11897,40538,64,1+1
,1898,38987,64,1+11898,38987,64,1+1
,1900,42745,64,1+11900,42744,64,1+1
,1901,43268,64,1+11901,43267,64,1+1
,1902,17001,64,1+11902,17000,64,1+1
,1903,42648,64,1+11903,42647,64,1+1
,1904,41594,64,1+11904,41593,64,1+1
,1905,39322,64,1+11905,39322,64,1+1
,1906,40403,64,1+11906,40403,64,1+1
,1907,41574,64,1+11907,41573,64,1+1
,1908,36343,64,1+11908,26323,64,1+1
,1909,50278,64,1+11909,50277,64,1+1
,1910,39962,64,1+11910,39961,64,1+1
,1911,41036,64,1+11911,41035,64,1+1
,1912,44359,64,1+11912,44359,64,1+1
,1913,42592,64,1+11913,42592,64,1+1
,1914,41617,64,1+11914,41617,64,1+1
,1915,39438,64,1+11915,39438,64,1+1
,1916,40623,64,1+11916,40623,64,1+1
,1917,40527,64,1+11917,40526,64,1+1
,1918,40369,64,1+11918,40369,64,1+1
,1919,40651,64,1+11919,40650,64,1+1
,1920,41037,64,1+11920,41036,64,1+1
,1921,40379,64,1+11921,40378,64,1+1
,1922,39865,64,1+11922,39864,64,1+1
,1923,40511,64,1+11923,40511,64,1+1
,1924,44984,64,1+11924,44983,64,1+1
,1925,44045,64,1+11925,44045,64,1+1
,1926,43438,64,1+11926,43438,64,1+1
,1927,42740,64,1+11927,42739,64,1+1
,1928,42156,64,1+11928,42155,64,1+1
,1929,42099,64,1+11929,42098,64,1+1
,1930,41840,64,1+11930,41839,64,1+1
,1931,41368,64,1+11931,41367,64,1+1
,1932,41352,64,1+11932,41352,64,1+1
,1933,41110,64,1+11933,41109,64,1+1
,1934,40030,64,1+11934,40029,64,1+1
,1935,42155,64,1+11935,42155,64,1+1
,1936,41843,64,1+11936,41843,64,1+1
,1937,14799,64,1+11937,14799,64,1+1
,1938,10282,64,1+11938,10282,64,1+1
,1939,10277,64,1+11939,10277,64,1+1
,1940,10280,64,1+11940,10280,64,1+1
,1941,10293,64,1+11941,10292,64,1+1
,1942,10279,64,1+11942,10279,64,1+1
,1943,10288,64,1+11943,10288,64,1+1
,1944,10283,64,1+11944,10283,64,1+1
,1945,10278,64,1+11945,10278,64,1+1
,1946,10290,64,1+11946,10290,64,1+1
,1947,10285,64,1+11947,10285,64,1+1
,1948,10275,64,1+11948,10275,64,1+1
,1949,10283,64,1+11949,10282,64,1+1
,1950,10247,64,1+11950,10247,64,1+1
,1951,10328,64,1+11951,10328,64,1+1
,1952,10286,64,1+11952,10286,64,1+1
,1953,10281,64,1+11953,10281,64,1+1
,1954,10281,64,1+11954,10280,64,1+1
,1955,10281,64,1+11955,10281,64,1+1
,1956,10289,64,1+11956,10289,64,1+1
,1957,10285,64,1+11957,10285,64,1+1
,1958,10275,64,1+11958,10274,64,1+1
,1959,10293,64,1+11959,10293,64,1+1
,1960,10275,64,1+11960,10275,64,1+1
,1961,10284,64,1+11961,10284,64,1+1
,1962,10290,64,1+11962,10289,64,1+1
,1963,10282,64,1+11963,10282,64,1+1
,1964,10277,64,1+11964,10276,64,1+1
,1965,10282,64,1+11965,10282,64,1+1
,1966,10293,64,1+11966,10293,64,1+1
,1967,10283,64,1+11967,10283,64,1+1
,1968,10273,64,1+11968,10273,64,1+1
,1969,10291,64,1+11969,10291,64,1+1
,1970,10279,64,1+11970,10279,64,1+1
,1971,10284,64,1+11971,10284,64,1+1
,1972,10282,64,1+11972,10282,64,1+1
,1973,10285,64,1+11973,10285,64,1+1
,1974,10275,64,1+11974,10275,64,1+1
,1975,10292,64,1+11975,10292,64,1+1
,1976,10283,64,1+11976,10283,64,1+1
,1977,10281,64,1+11977,10281,64,1+1
,1978,9098,64,1+11978,9098,64,1+1
,1979,4623,64,1+11979,4623,64,1+1
,1980,12541,64,1+11980,12541,64,1+1
,1981,6585,64,1+11981,6585,64,1+1
,1982,6580,64,1+11982,6580,64,1+1
,1983,6579,64,1+11983,6579,64,1+1
,1984,6579,64,1+11984,6579,64,1+1
,1985,6581,64,1+11985,6581,64,1+1
,1986,6578,64,1+11986,6578,64,1+1
,1987,6580,64,1+11987,6580,64,1+1
,1988,6584,64,1+11988,6583,64,1+1
,1989,6579,64,1+11989,6579,64,1+1
,1990,6583,64,1+11990,6583,64,1+1
,1991,6582,64,1+11991,6582,64,1+1
,1992,6577,64,1+11992,6577,64,1+1
,1993,6583,64,1+11993,6583,64,1+1
,1994,6579,64,1+11994,6579,64,1+1
,1995,6579,64,1+11995,6579,64,1+1
,1996,6584,64,1+11996,6584,64,1+1
,1997,6579,64,1+11997,6579,64,1+1
,1998,6578,64,1+11998,6578,64,1+1
,1999,6587,64,1+11999,6587,64,1+1
,2000,6580,64,1+12000,6580,64,1+1
,2001,6572,64,1+12001,6572,64,1+1
,2002,6587,64,1+12002,6587,64,1+1
,2003,6579,64,1+12003,6579,64,1+1
,2004,6577,64,1+12004,6577,64,1+1
,2005,6583,64,1+12005,6583,64,1+1
,2006,6584,64,1+12006,6584,64,1+1
,2007,6584,64,1+12007,6584,64,1+1
,2008,6580,64,1+12008,6580,64,1+1
,2009,6576,64,1+12009,6576,64,1+1
,2010,6583,64,1+12010,6583,64,1+1
,2011,6585,64,1+12011,6585,64,1+1
,2012,6581,64,1+12012,6581,64,1+1
,2013,6577,64,1+12013,6577,64,1+1
,2014,6584,64,1+12014,6583,64,1+1
,2015,6585,64,1+12015,6585,64,1+1
,2016,6576,64,1+12016,6576,64,1+1
,2017,6582,64,1+12017,6582,64,1+1
,2018,6581,64,1+12018,6581,64,1+1
,2019,6578,64,1+12019,6578,64,1+1
,2020,6584,64,1+12020,6584,64,1+1
,2021,6581,64,1+12021,6581,64,1+1
,2022,6578,64,1+12022,6578,64,1+1
,2023,6585,64,1+12023,6585,64,1+1
,2024,6576,64,1+12024,6576,64,1+1
,2025,6584,64,1+12025,6584,64,1+1
,2026,6581,64,1+12026,6581,64,1+1
,2027,6581,64,1+12027,6581,64,1+1
,2028,6579,64,1+12028,6579,64,1+1
,2029,6577,64,1+12029,6577,64,1+1
,2030,6587,64,1+12030,6587,64,1+1
,2031,6579,64,1+12031,6579,64,1+1
,2032,6578,64,1+12032,6577,64,1+1
,2033,6587,64,1+12033,6587,64,1+1
,2034,6580,64,1+12034,6580,64,1+1
,2035,6577,64,1+12035,6577,64,1+1
,2036,6580,64,1+12036,6580,64,1+1
,2037,6585,64,1+12037,6585,64,1+1
,2038,6579,64,1+12038,6579,64,1+1
,2039,8229,64,1+12039,8228,64,1+1
,2040,39917,64,1+12040,39916,64,1+1
,2041,39445,64,1+12041,39445,64,1+1
,2042,45450,64,1+12042,45450,64,1+1
,2043,35860,64,1+12043,35859,64,1+1
,2044,41936,64,1+12044,41935,64,1+1
,2045,41372,64,1+12045,41372,64,1+1
,2046,41271,64,1+12046,41271,64,1+1
,2047,40981,64,1+12047,40980,64,1+1
,2048,40846,64,1+12048,40845,64,1+1
,2049,40794,64,1+12049,40794,64,1+1
,2050,40630,64,1+12050,40629,64,1+1
,2051,40223,64,1+12051,40223,64,1+1
,2052,39421,64,1+12052,39421,64,1+1
,2053,38417,64,1+12053,38416,64,1+1
,2054,42855,64,1+12054,42855,64,1+1
,2055,42467,64,1+12055,42467,64,1+1
,2056,42619,64,1+12056,42618,64,1+1
,2057,42193,64,1+12057,42192,64,1+1
,2058,41061,64,1+12058,41061,64,1+1
,2059,41255,64,1+12059,41255,64,1+1
,2060,41407,64,1+12060,41407,64,1+1
,2061,41585,64,1+12061,41585,64,1+1
,2062,41233,64,1+12062,41233,64,1+1
,2063,40741,64,1+12063,40740,64,1+1
,2064,37651,64,1+12064,37650,64,1+1
,2065,37632,64,1+12065,37632,64,1+1
,2066,44843,64,1+12066,44842,64,1+1
,2067,43796,64,1+12067,43795,64,1+1
,2068,42912,64,1+12068,42911,64,1+1
,2069,42114,64,1+12069,42114,64,1+1
,2070,42288,64,1+12070,42287,64,1+1
,2071,42107,64,1+12071,42106,64,1+1
,2072,41525,64,1+12072,41524,64,1+1
,2073,41119,64,1+12073,41119,64,1+1
,2074,41243,64,1+12074,41242,64,1+1
,2075,41424,64,1+12075,41423,64,1+1
,2076,40673,64,1+12076,40672,64,1+1
,2077,41635,64,1+12077,41635,64,1+1
,2078,44383,64,1+12078,44383,64,1+1
,2079,24422,64,1+12079,24422,64,1+1
,2080,42600,64,1+12080,42600,64,1+1
,2081,41576,64,1+12081,41575,64,1+1
,2082,41643,64,1+12082,41643,64,1+1
,2083,41606,64,1+12083,41605,64,1+1
,2084,41514,64,1+12084,41514,64,1+1
,2085,41268,64,1+12085,41267,64,1+1
,2086,40354,64,1+12086,40353,64,1+1
,2087,40218,64,1+12087,40218,64,1+1
,2088,40551,64,1+12088,40551,64,1+1
,2089,39515,64,1+12089,39514,64,1+1
,2090,44911,64,1+12090,44911,64,1+1
,2091,43243,64,1+12091,43242,64,1+1
,2092,42452,64,1+12092,42452,64,1+1
,2093,42472,64,1+12093,42472,64,1+1
,2094,39554,64,1+12094,39554,64,1+1
,2095,37699,64,1+12095,37698,64,1+1
,2096,39523,64,1+12096,39523,64,1+1
,2097,40644,64,1+12097,40644,64,1+1
,2098,37083,64,1+12098,37082,64,1+1
,2099,40015,64,1+12099,40015,64,1+1
,2100,40496,64,1+12100,40495,64,1+1
,2101,39434,64,1+12101,39433,64,1+1
,2102,45080,64,1+12102,45079,64,1+1
,2103,43189,64,1+12103,43188,64,1+1
,2104,42177,64,1+12104,42176,64,1+1
,2105,41496,64,1+12105,41495,64,1+1
,2106,41044,64,1+12106,41044,64,1+1
,2107,41186,64,1+12107,41186,64,1+1
,2108,40659,64,1+12108,40658,64,1+1
,2109,40851,64,1+12109,40851,64,1+1
,2110,40141,64,1+12110,40140,64,1+1
,2111,40370,64,1+12111,40369,64,1+1
,2112,40711,64,1+12112,40711,64,1+1
,2113,39785,64,1+12113,39784,64,1+1
,2114,45468,64,1+12114,45468,64,1+1
,2115,37777,64,1+12115,37777,64,1+1
,2117,38230,64,1+12117,38230,64,1+1
,2118,42680,64,1+12118,42680,64,1+1
,2119,42469,64,1+12119,42468,64,1+1
,2120,41466,64,1+12120,41465,64,1+1
,2121,41135,64,1+12121,41135,64,1+1
,2122,41269,64,1+12122,41269,64,1+1
,2123,40920,64,1+12123,40919,64,1+1
,2124,41001,64,1+12124,41001,64,1+1
,2125,41158,64,1+12125,41157,64,1+1
,2126,40936,64,1+12126,40936,64,1+1
,2127,43485,64,1+12127,43484,64,1+1
,2128,42183,64,1+12128,42182,64,1+1
,2129,42030,64,1+12129,42029,64,1+1
,2130,42318,64,1+12130,42318,64,1+1
,2131,42400,64,1+12131,42400,64,1+1
,2132,42249,64,1+12132,42249,64,1+1
,2133,42055,64,1+12133,42054,64,1+1
,2134,41191,64,1+12134,41191,64,1+1
,2135,41171,64,1+12135,41162,64,1+1
,2136,40704,64,1+12136,40704,64,1+1
,2137,41213,64,1+12137,41213,64,1+1
,2138,42264,64,1+12138,42264,64,1+1
,2139,43821,64,1+12139,43821,64,1+1
,2140,42559,64,1+12140,42558,64,1+1
,2141,29257,64,1+12141,29257,64,1+1
,2142,41999,64,1+12142,41999,64,1+1
,2143,37097,64,1+12143,37097,64,1+1
,2144,36842,64,1+12144,36842,64,1+1
,2145,37128,64,1+12145,37127,64,1+1
,2146,38629,64,1+12146,38629,64,1+1
,2147,40613,64,1+12147,40613,64,1+1
,2148,40697,64,1+12148,40696,64,1+1
,2149,40156,64,1+12149,40155,64,1+1
,2150,39430,64,1+12150,39429,64,1+1
,2151,43923,64,1+12151,43922,64,1+1
,2152,42898,64,1+12152,42898,64,1+1
,2153,42772,64,1+12153,42772,64,1+1
,2154,41098,64,1+12154,41098,64,1+1
,2155,40197,64,1+12155,40196,64,1+1
,2156,40749,64,1+12156,40749,64,1+1
,2157,41172,64,1+12157,41171,64,1+1
,2158,41280,64,1+12158,41279,64,1+1
,2159,40523,64,1+12159,40522,64,1+1
,2160,39758,64,1+12160,39757,64,1+1
,2161,40202,64,1+12161,40202,64,1+1
,2162,40054,64,1+12162,40054,64,1+1
,2163,44493,64,1+12163,44492,64,1+1
,2164,42709,64,1+12164,42709,64,1+1
,2165,41816,64,1+12165,41816,64,1+1
,2166,38285,64,1+12166,38284,64,1+1
,2167,37379,64,1+12167,37378,64,1+1
,2168,40365,64,1+12168,40364,64,1+1
,2169,40688,64,1+12169,40688,64,1+1
,2170,40987,64,1+12170,40986,64,1+1
,2171,40667,64,1+12171,40667,64,1+1
,2172,40593,64,1+12172,40593,64,1+1
,2173,40321,64,1+12173,40321,64,1+1
,2174,39429,64,1+12174,39429,64,1+1
,2175,43725,64,1+12175,43724,64,1+1
,2176,43088,64,1+12176,43088,64,1+1
,2177,42435,64,1+12177,42434,64,1+1
,2178,41684,64,1+12178,41684,64,1+1
,2179,40837,64,1+12179,40836,64,1+1
,2180,40333,64,1+12180,40332,64,1+1
,2181,39914,64,1+12181,39914,64,1+1
,2182,40176,64,1+12182,40176,64,1+1
,2183,40323,64,1+12183,40322,64,1+1
,2184,39801,64,1+12184,39801,64,1+1
,2185,39652,64,1+12185,39652,64,1+1
,2186,38808,64,1+12186,38807,64,1+1
,2187,43509,64,1+12187,43509,64,1+1
,2188,44613,64,1+12188,44612,64,1+1
,2189,39295,64,1+12189,39295,64,1+1
,2190,40998,64,1+12190,40998,64,1+1
,2191,42647,64,1+12191,42646,64,1+1
,2192,42383,64,1+12192,42382,64,1+1
,2193,41954,64,1+12193,41954,64,1+1
,2194,41263,64,1+12194,41263,64,1+1
,2195,41010,64,1+12195,41010,64,1+1
,2196,40706,64,1+12196,40706,64,1+1
,2197,40556,64,1+12197,40556,64,1+1
,2198,39741,64,1+12198,39741,64,1+1
,2199,44556,64,1+12199,44555,64,1+1
,2200,43286,64,1+12200,43286,64,1+1
,2201,42445,64,1+12201,42444,64,1+1
,2202,42897,64,1+12202,42896,64,1+1
,2203,42611,64,1+12203,42611,64,1+1
,2204,42620,64,1+12204,42620,64,1+1
,2205,40881,64,1+12205,40881,64,1+1
,2206,41309,64,1+12206,41309,64,1+1
,2207,41505,64,1+12207,41505,64,1+1
,2208,40950,64,1+12208,40949,64,1+1
,2209,39891,64,1+12209,39890,64,1+1
,2210,31726,64,1+12210,31726,64,1+1
,2211,31762,64,1+12211,31761,64,1+1
,2212,22701,64,1+12212,22700,64,1+1
,2213,41728,64,1+12213,41728,64,1+1
,2214,42819,64,1+12214,42819,64,1+1
,2215,42473,64,1+12215,42473,64,1+1
,2216,41950,64,1+12216,41950,64,1+1
,2217,41585,64,1+12217,41585,64,1+1
,2218,39815,64,1+12218,39814,64,1+1
,2219,40733,64,1+12219,40732,64,1+1
,2220,39816,64,1+12220,39816,64,1+1
,2221,38993,64,1+12221,38992,64,1+1
,2222,38670,64,1+12222,38670,64,1+1
,2223,40553,64,1+12223,40552,64,1+1
,2224,44517,64,1+12224,44517,64,1+1
,2225,43031,64,1+12225,43030,64,1+1
,2226,41767,64,1+12226,41767,64,1+1
,2227,41331,64,1+12227,41330,64,1+1
,2228,41490,64,1+12228,41489,64,1+1
,2229,42058,64,1+12229,42057,64,1+1
,2230,41770,64,1+12230,41770,64,1+1
,2231,41675,64,1+12231,41674,64,1+1
,2232,41415,64,1+12232,41414,64,1+1
,2233,41208,64,1+12233,41207,64,1+1
,2234,40384,64,1+12234,40383,64,1+1
,2235,43957,64,1+12235,43956,64,1+1
,2236,42819,64,1+12236,42818,64,1+1
,2237,41790,64,1+12237,41789,64,1+1
,2238,13658,64,1+12238,13658,64,1+1
,2239,9213,64,1+12239,9212,64,1+1
,2240,9219,64,1+12240,9219,64,1+1
,2241,9224,64,1+12241,9224,64,1+1
,2242,9216,64,1+12242,9215,64,1+1
,2243,9204,64,1+12243,9204,64,1+1
,2244,9232,64,1+12244,9232,64,1+1
,2245,9216,64,1+12245,9216,64,1+1
,2246,9211,64,1+12246,9211,64,1+1
,2247,9218,64,1+12247,9218,64,1+1
,2248,9215,64,1+12248,9215,64,1+1
,2249,9220,64,1+12249,9220,64,1+1
,2250,9222,64,1+12250,9222,64,1+1
,2251,9210,64,1+12251,9210,64,1+1
,2252,9221,64,1+12252,9221,64,1+1
,2253,9220,64,1+12253,9220,64,1+1
,2254,9213,64,1+12254,9213,64,1+1
,2255,9217,64,1+12255,9217,64,1+1
,2256,9220,64,1+12256,9220,64,1+1
,2257,9213,64,1+12257,9212,64,1+1
,2258,9220,64,1+12258,9220,64,1+1
,2259,9218,64,1+12259,9218,64,1+1
,2260,9208,64,1+12260,9207,64,1+1
,2261,9222,64,1+12261,9222,64,1+1
,2262,9217,64,1+12262,9217,64,1+1
,2263,9216,64,1+12263,9216,64,1+1
,2264,9215,64,1+12264,9214,64,1+1
,2265,9217,64,1+12265,9217,64,1+1
,2266,9216,64,1+12266,9216,64,1+1
,2267,9213,64,1+12267,9213,64,1+1
,2268,9219,64,1+12268,9219,64,1+1
,2269,9222,64,1+12269,9222,64,1+1
,2270,9213,64,1+12270,9213,64,1+1
,2271,9219,64,1+12271,9218,64,1+1
,2272,9221,64,1+12272,9221,64,1+1
,2273,9213,64,1+12273,9213,64,1+1
,2274,9218,64,1+12274,9218,64,1+1
,2275,9214,64,1+12275,9214,64,1+1
,2276,9202,64,1+12276,9202,64,1+1
,2277,9237,64,1+12277,9236,64,1+1
,2278,9079,64,1+12278,9079,64,1+1
,2279,7370,64,1+12279,7370,64,1+1
,2280,6401,64,1+12280,6401,64,1+1
,2281,5900,64,1+12281,5900,64,1+1
,2282,5894,64,1+12282,5894,64,1+1
,2283,5902,64,1+12283,5902,64,1+1
,2284,5895,64,1+12284,5894,64,1+1
,2285,5896,64,1+12285,5896,64,1+1
,2286,5899,64,1+12286,5899,64,1+1
,2287,5896,64,1+12287,5896,64,1+1
,2288,5896,64,1+12288,5896,64,1+1
,2289,5901,64,1+12289,5900,64,1+1
,2290,5895,64,1+12290,5895,64,1+1
,2291,5900,64,1+12291,5899,64,1+1
,2292,5898,64,1+12292,5898,64,1+1
,2293,5892,64,1+12293,5891,64,1+1
,2294,5904,64,1+12294,5904,64,1+1
,2295,5893,64,1+12295,5893,64,1+1
,2296,5900,64,1+12296,5900,64,1+1
,2297,5897,64,1+12297,5897,64,1+1
,2298,5898,64,1+12298,5898,64,1+1
,2299,5894,64,1+12299,5894,64,1+1
,2300,5898,64,1+12300,5897,64,1+1
,2301,5900,64,1+12301,5900,64,1+1
,2302,5897,64,1+12302,5897,64,1+1
,2303,5896,64,1+12303,5896,64,1+1
,2304,5895,64,1+12304,5895,64,1+1
,2305,5902,64,1+12305,5902,64,1+1
,2306,5892,64,1+12306,5892,64,1+1
,2307,5903,64,1+12307,5903,64,1+1
,2308,5897,64,1+12308,5897,64,1+1
,2309,5894,64,1+12309,5894,64,1+1
,2310,5896,64,1+12310,5896,64,1+1
,2311,5895,64,1+12311,5895,64,1+1
,2312,5901,64,1+12312,5901,64,1+1
,2313,5898,64,1+12313,5898,64,1+1
,2314,5897,64,1+12314,5896,64,1+1
,2315,5898,64,1+12315,5898,64,1+1
,2316,5901,64,1+12316,5901,64,1+1
,2317,5899,64,1+12317,5899,64,1+1
,2318,5893,64,1+12318,5893,64,1+1
,2319,5898,64,1+12319,5898,64,1+1
,2320,5902,64,1+12320,5902,64,1+1
,2321,5897,64,1+12321,5897,64,1+1
,2322,5893,64,1+12322,5893,64,1+1
,2323,5899,64,1+12323,5899,64,1+1
,2324,5898,64,1+12324,5898,64,1+1
,2325,5898,64,1+12325,5898,64,1+1
,2326,5897,64,1+12326,5897,64,1+1
,2327,5900,64,1+12327,5900,64,1+1
,2328,5892,64,1+12328,5892,64,1+1
,2329,5897,64,1+12329,5897,64,1+1
,2330,5898,64,1+12330,5897,64,1+1
,2331,37900,64,1+12331,37900,64,1+1
,2332,40314,64,1+12332,40314,64,1+1
,2333,39962,64,1+12333,39961,64,1+1
,2334,39198,64,1+12334,39197,64,1+1
,2335,41334,64,1+12335,41334,64,1+1
,2336,43477,64,1+12336,43476,64,1+1
,2337,43082,64,1+12337,43081,64,1+1
,2338,42500,64,1+12338,42499,64,1+1
,2339,42254,64,1+12339,42254,64,1+1
,2340,41835,64,1+12340,41835,64,1+1
,2341,41354,64,1+12341,41354,64,1+1
,2342,40580,64,1+12342,40579,64,1+1
,2343,40632,64,1+12343,40632,64,1+1
,2344,40456,64,1+12344,40455,64,1+1
,2345,39957,64,1+12345,39956,64,1+1
,2346,39229,64,1+12346,39228,64,1+1
,2347,41899,64,1+12347,41898,64,1+1
,2348,43470,64,1+12348,43469,64,1+1
,2349,37613,64,1+12349,37612,64,1+1
,2350,39209,64,1+12350,39209,64,1+1
,2351,42140,64,1+12351,42140,64,1+1
,2352,42639,64,1+12352,42638,64,1+1
,2353,42155,64,1+12353,42154,64,1+1
,2354,38581,64,1+12354,38581,64,1+1
,2355,38254,64,1+12355,38253,64,1+1
,2356,37837,64,1+12356,37836,64,1+1
,2357,37828,64,1+12357,37828,64,1+1
,2358,37218,64,1+12358,37218,64,1+1
,2359,37776,64,1+12359,37775,64,1+1
,2360,43186,64,1+12360,43186,64,1+1
,2361,41951,64,1+12361,41951,64,1+1
,2362,42781,64,1+12362,42781,64,1+1
,2363,42155,64,1+12363,42154,64,1+1
,2364,42124,64,1+12364,42124,64,1+1
,2365,41722,64,1+12365,41722,64,1+1
,2366,41871,64,1+12366,41870,64,1+1
,2367,41275,64,1+12367,41274,64,1+1
,2368,41504,64,1+12368,41504,64,1+1
,2369,41270,64,1+12369,41270,64,1+1
,2370,40828,64,1+12370,40828,64,1+1
,2371,42064,64,1+12371,42063,64,1+1
,2372,44602,64,1+12372,44602,64,1+1
,2373,43778,64,1+12373,43778,64,1+1
,2374,25034,64,1+12374,25033,64,1+1
,2375,42256,64,1+12375,42255,64,1+1
,2376,41435,64,1+12376,41435,64,1+1
,2377,41887,64,1+12377,41886,64,1+1
,2378,42327,64,1+12378,42326,64,1+1
,2379,41777,64,1+12379,41776,64,1+1
,2380,41611,64,1+12380,41611,64,1+1
,2381,41452,64,1+12381,41451,64,1+1
,2382,40630,64,1+12382,40630,64,1+1
,2383,41140,64,1+12383,41139,64,1+1
,2384,44081,64,1+12384,44081,64,1+1
,2385,41784,64,1+12385,41783,64,1+1
,2386,41824,64,1+12386,41824,64,1+1
,2387,42118,64,1+12387,42118,64,1+1
,2388,41630,64,1+12388,41629,64,1+1
,2389,41709,64,1+12389,41708,64,1+1
,2390,41510,64,1+12390,41509,64,1+1
,2391,41378,64,1+12391,41378,64,1+1
,2392,40897,64,1+12392,40896,64,1+1
,2393,40768,64,1+12393,40767,64,1+1
,2394,40131,64,1+12394,40130,64,1+1
,2395,42622,64,1+12395,42622,64,1+1
,2396,42939,64,1+12396,42939,64,1+1
,2397,42098,64,1+12397,42097,64,1+1
,2398,42367,64,1+12398,42366,64,1+1
,2399,41212,64,1+12399,41212,64,1+1
