secs_elapsed,interval_qps,batch_size,thread_num
1,48602,64,2
2,47217,64,2
3,46713,128,3
4,46410,128,3
5,44453,128,3
6,42873,256,4
7,43996,256,4
8,45008,256,4
9,44271,512,5
10,44258,512,5
11,44278,512,5
12,43849,512,6
13,43887,512,6
14,43607,512,6
15,43707,512,7
16,43402,512,7
17,43583,512,7
18,43397,512,8
19,43035,512,8
20,42560,512,8
21,43412,512,9
22,41472,512,9
23,43208,512,9
24,43045,512,10
25,43225,512,10
26,43072,512,10
27,42871,512,11
28,43117,512,11
29,42892,512,11
30,42785,512,12
31,42334,512,12
32,42951,512,12
33,42868,512,12
34,42737,512,12
35,42361,512,12
36,42410,512,12
37,41501,512,12
38,42551,512,12
39,42634,512,12
40,41950,512,12
41,42395,512,12
42,42547,512,12
43,42388,512,12
44,42416,512,12
45,42186,512,12
46,42350,512,12
47,42164,512,12
48,42227,512,12
49,42146,512,12
50,41933,512,12
51,41365,512,12
52,42093,512,12
53,41902,512,12
54,41985,512,12
55,41582,512,12
56,41770,512,12
57,41880,512,12
58,42038,512,12
59,41783,512,12
60,41769,512,12
61,41635,512,12
62,41445,512,12
63,41444,512,12
64,41812,512,12
65,41671,512,12
66,41281,512,12
67,41517,512,12
68,41351,512,12
69,41291,512,12
70,41563,512,12
71,41053,512,12
72,41190,512,12
73,40965,512,12
74,41088,512,12
75,41183,512,12
76,41184,512,12
77,41280,512,12
78,41179,512,12
79,41127,512,12
80,41065,512,12
81,41049,512,12
82,41158,512,12
83,41135,512,12
84,41104,512,12
85,41222,512,12
86,41044,512,12
87,40828,512,12
88,41108,512,12
89,40950,512,12
90,40832,512,12
91,39662,512,12
92,40904,512,12
93,40879,512,12
94,40730,512,12
95,40427,512,12
96,43764,512,10
97,46391,512,10
98,44643,512,10
99,44182,512,11
100,42994,512,11
101,43451,512,11
102,42907,512,12
103,42729,512,12
104,42695,512,12
105,43719,512,10
106,42986,512,10
107,43714,512,10
108,43801,512,11
110,42952,512,11
111,43150,512,12
112,43474,512,12
113,43102,512,12
114,43074,512,12
115,43477,512,12
116,42937,512,12
117,42880,512,12
118,42276,512,12
119,42871,512,12
120,42671,512,12
121,42861,512,12
122,42565,512,12
123,42771,512,12
124,43033,512,12
125,42236,512,12
126,42285,512,12
127,42276,512,12
128,42253,512,12
129,42174,512,12
130,41109,512,12
131,42279,512,12
132,42155,512,12
133,42232,512,12
134,42076,512,12
135,41996,512,12
136,41545,512,12
137,41716,512,12
138,41631,512,12
139,41736,512,12
140,41582,512,12
141,41587,512,12
142,41543,512,12
143,41279,512,12
144,41395,512,12
145,41029,512,12
146,41591,512,12
147,41532,512,12
148,41887,512,12
149,41784,512,12
150,41490,512,12
151,41334,512,12
152,41792,512,12
153,41321,512,12
154,41169,512,12
155,41562,512,12
156,41629,512,12
157,41228,512,12
158,41401,512,12
159,41430,512,12
160,41444,512,12
161,41348,512,12
162,41317,512,12
163,41619,512,12
164,41248,512,12
165,41223,512,12
166,41236,512,12
167,41304,512,12
168,41122,512,12
169,41400,512,12
170,41098,512,12
171,41331,512,12
172,41304,512,12
173,41017,512,12
174,41008,512,12
175,40622,512,12
176,41070,512,12
177,41065,512,12
178,41157,512,12
179,40957,512,12
180,40975,512,12
181,41041,512,12
182,41075,512,12
183,40567,512,12
184,40821,512,12
185,40728,512,12
186,40556,512,12
187,40558,512,12
188,40697,512,12
189,40596,512,12
190,40544,512,12
191,40599,512,12
192,40591,512,12
195,66518,512,10
197,47592,512,10
198,45104,512,11
200,58958,512,11
201,43632,512,12
203,45960,512,12
204,43744,512,12
206,58028,512,12
207,44105,512,12
208,51021,512,12
209,42591,512,12
210,42992,512,12
212,60099,512,12
213,43327,512,12
214,41503,512,12
215,41681,512,12
216,41389,512,10
217,40982,512,10
218,41424,512,10
219,41451,512,11
220,42146,512,11
221,40693,512,11
222,41096,512,12
223,41487,512,12
224,41789,512,12
225,41312,512,12
226,42335,512,12
227,33483,512,12
228,27048,512,12
231,57321,512,12
233,43274,512,12
234,42500,512,12
235,40927,512,12
236,40262,512,12
237,40411,512,12
239,41741,512,12
240,41402,512,12
241,40836,512,12
242,39983,512,12
243,39889,512,12
244,40160,512,12
245,39854,512,12
246,39739,512,12
247,40682,512,12
248,40182,512,12
249,40529,512,12
250,40064,512,12
251,40003,512,12
252,41241,512,12
253,40555,512,12
254,39956,512,12
255,39545,512,12
256,40884,512,12
257,42219,512,12
258,42035,512,12
259,42255,512,12
260,41942,512,12
261,41916,512,12
262,41774,512,12
263,41935,512,12
264,42104,512,12
265,42230,512,12
266,42274,512,12
267,42160,512,12
268,41445,512,12
269,42109,512,12
270,42228,512,12
271,42227,512,12
272,42005,512,12
273,42021,512,12
274,42180,512,12
275,41883,512,12
276,41853,512,12
277,41666,512,12
278,41786,512,12
279,41824,512,12
280,41910,512,12
281,41706,512,12
282,41625,512,12
283,41613,512,12
284,41683,512,12
285,41538,512,12
286,41233,512,12
287,41425,512,12
288,41352,512,12
289,41362,512,12
290,41190,512,12
291,41138,512,12
292,41336,512,12
293,41309,512,12
294,41293,512,12
295,41272,512,12
296,41343,512,12
297,41183,512,12
298,41667,512,12
299,40354,512,12
300,36495,512,10
301,46653,512,10
302,46620,512,10
303,46163,512,11
304,46040,512,11
305,43050,512,11
306,42753,512,12
307,44162,512,12
308,43612,512,12
309,43514,512,12
310,43493,512,12
311,43575,512,12
312,43787,512,10
313,42925,512,10
314,42549,512,10
315,42104,512,11
316,43639,512,11
317,41818,512,11
318,41995,512,12
319,42006,512,12
320,42202,512,12
321,41451,512,12
322,43047,512,12
323,43751,512,12
324,43498,512,12
326,46221,512,12
327,43167,512,12
328,44338,512,12
329,42400,512,12
330,41351,512,12
331,43066,512,12
332,41210,512,12
333,43275,512,12
335,51103,512,12
336,31555,512,12
337,41956,512,12
338,41372,512,12
339,42727,512,12
341,42430,512,12
342,41001,512,12
343,41512,512,12
344,41210,512,12
345,41404,512,12
346,40691,512,12
347,40880,512,12
348,41289,512,12
349,41619,512,12
350,40973,512,12
351,41181,512,12
352,41710,512,12
353,41211,512,12
354,40412,512,12
355,41277,512,12
356,39930,512,12
357,41339,512,12
358,40170,512,12
359,39672,512,12
360,39558,512,12
361,41499,512,12
362,39896,512,12
363,39845,512,12
364,39939,512,12
365,39779,512,12
366,39897,512,12
367,40031,512,12
368,40611,512,12
369,40178,512,12
371,55012,512,12
372,42367,512,12
373,42942,512,12
374,41978,512,12
375,41961,512,12
376,42116,512,12
377,41793,512,12
378,41749,512,12
379,41380,512,12
380,41263,512,12
381,41106,512,12
382,41356,512,12
383,41492,512,12
384,41695,512,12
385,41494,512,12
386,41426,512,12
387,41306,512,12
389,41534,512,12
390,41377,512,12
391,41721,512,12
392,40992,512,12
393,40089,512,12
394,41297,512,12
395,41174,512,12
396,41245,512,12
397,40947,512,12
398,41057,512,12
399,41404,512,12
400,40712,512,12
401,44261,512,12
402,46006,512,10
403,43256,512,10
404,43300,512,10
405,42730,512,11
406,43041,512,11
407,42316,512,11
408,41840,512,12
409,41096,512,12
410,41709,512,12
411,41503,512,10
412,41736,512,10
413,41745,512,10
414,41234,512,11
415,41132,512,11
416,41060,512,11
417,42087,512,12
418,41143,512,12
419,41168,512,12
420,40534,512,12
421,40585,512,12
422,40790,512,12
423,42173,512,12
424,41594,512,12
425,40639,512,12
426,40577,512,12
427,40857,512,12
428,41176,512,12
429,40101,512,12
430,40432,512,12
431,40053,512,12
432,39910,512,12
433,40742,512,12
434,42461,512,12
435,42284,512,12
438,55513,512,12
440,44164,512,12
441,40016,512,12
442,41236,512,12
443,39466,512,12
444,39237,512,12
446,41278,512,12
447,39476,512,12
448,38654,512,12
449,39476,512,12
450,39231,512,12
451,39326,512,12
452,39311,512,12
453,39620,512,12
454,39043,512,12
455,39080,512,12
456,38699,512,12
457,39232,512,12
458,38626,512,12
459,38603,512,12
460,39539,512,12
461,38909,512,12
462,38720,512,12
463,42342,512,12
464,39820,512,12
465,39594,512,12
466,42244,512,12
467,39658,512,12
468,39034,512,12
469,39025,512,12
470,39128,512,12
471,39465,512,12
472,39766,512,12
473,39599,512,12
474,39298,512,12
475,39630,512,12
476,39804,512,12
477,39383,512,12
478,39469,512,12
479,39526,512,12
480,39887,512,12
482,40165,512,12
483,39544,512,12
484,43778,512,12
485,38675,512,12
486,39291,512,12
487,41345,512,12
488,39369,512,12
489,39313,512,12
490,39260,512,12
491,39512,512,12
492,39504,512,12
493,41866,512,12
494,40110,512,12
495,39716,512,12
496,38573,512,12
497,38215,512,12
498,38928,512,12
499,39899,512,12
500,39597,512,12
501,39026,512,12
502,38625,512,12
503,40207,512,12
504,39945,512,12
505,39418,512,12
506,46736,512,12
507,45248,512,10
508,44067,512,10
509,42943,512,10
510,42187,512,11
511,42167,512,11
512,41677,512,11
513,43271,512,12
514,44277,512,12
515,42734,512,12
516,41478,512,12
518,45482,512,12
519,40789,512,12
520,45770,512,12
521,40935,512,12
522,40727,512,12
523,45124,512,12
524,40260,512,12
525,40781,512,12
526,42074,512,12
527,41597,512,12
528,41877,512,12
530,42542,512,12
531,40600,512,12
532,40915,512,12
533,41833,512,12
534,40217,512,12
535,40477,512,12
536,39865,512,12
537,39849,512,12
538,39745,512,12
539,39737,512,12
540,40437,512,12
541,41030,512,12
542,41017,512,12
543,40467,512,12
544,39787,512,12
545,40950,512,12
546,40753,512,12
547,40390,512,12
548,39481,512,12
549,40039,512,12
551,42323,512,12
552,39318,512,12
553,40722,512,12
554,39167,512,12
555,39192,512,12
556,39719,512,12
557,39825,512,12
558,39728,512,12
559,39747,512,12
560,40030,512,12
561,39434,512,12
562,40764,512,12
563,40367,512,12
564,39529,512,12
565,39820,512,12
566,39272,512,12
567,39192,512,12
568,42002,512,12
569,40597,512,12
570,41369,512,12
573,50060,512,12
575,46860,512,12
576,40597,512,12
577,41547,512,12
578,39989,512,12
579,40540,512,12
580,40830,512,12
581,40304,512,12
582,40220,512,12
583,39544,512,12
584,40368,512,12
585,40696,512,12
586,40007,512,12
587,39533,512,12
588,39888,512,12
589,40129,512,12
590,39038,512,12
591,39100,512,12
592,38903,512,12
593,38675,512,12
594,39021,512,12
595,39005,512,12
596,38624,512,12
597,38990,512,12
598,39609,512,12
599,39476,512,12
600,38691,512,12
601,39139,512,12
602,38857,512,12
603,38521,512,12
604,39078,512,12
605,37503,512,12
606,35685,512,12
608,39041,512,12
609,39988,512,12
610,39905,512,12
611,37572,512,12
612,43289,512,10
614,58392,512,10
615,43361,512,11
617,56709,512,11
618,33786,512,12
619,41757,512,12
620,41144,512,12
621,40567,512,12
622,40440,512,12
623,40300,512,12
624,40354,512,12
625,41328,512,12
626,42227,512,12
627,42316,512,12
628,41788,512,12
629,40475,512,12
630,39874,512,12
631,40819,512,12
632,40808,512,12
633,39495,512,12
634,40008,512,12
635,34541,512,12
636,39008,512,12
638,41890,512,12
639,39460,512,12
640,39819,512,12
641,39238,512,12
642,40045,512,12
643,40584,512,12
644,41755,512,12
645,41667,512,12
648,47289,512,12
649,39745,512,12
650,39179,512,12
651,39166,512,12
652,39024,512,12
653,39763,512,12
654,39445,512,12
655,39766,512,12
656,38527,512,12
657,39446,512,12
658,42466,512,12
659,38852,512,12
660,38751,512,12
661,39846,512,12
662,39535,512,12
663,38739,512,12
664,39168,512,12
665,38835,512,12
666,39701,512,12
667,40551,512,12
668,39103,512,12
669,38537,512,12
670,38766,512,12
671,38366,512,12
672,38561,512,12
673,39373,512,12
674,39671,512,12
675,38904,512,12
676,39188,512,12
677,38415,512,12
678,39962,512,12
679,42368,512,12
680,38876,512,12
681,39091,512,12
682,38802,512,12
683,38413,512,12
684,38249,512,12
686,38877,512,12
687,39280,512,12
688,40198,512,12
689,39487,512,12
690,38489,512,12
691,40010,512,12
692,39227,512,12
693,38360,512,12
694,39775,512,12
695,39910,512,12
696,39891,512,12
697,39798,512,12
698,39324,512,12
699,39212,512,12
700,38997,512,12
701,40010,512,12
702,39055,512,12
703,38895,512,12
704,38952,512,12
705,38319,512,12
706,38764,512,12
707,39188,512,12
708,37133,512,12
709,38635,512,12
710,39574,512,12
711,40444,512,12
713,47605,512,12
714,38515,512,12
715,39772,512,12
716,39477,512,12
717,39186,512,12
718,39134,512,12
719,38372,512,12
720,40597,512,10
721,44286,512,10
722,43328,512,10
723,43032,512,11
724,42731,512,11
725,43928,512,11
726,43209,512,12
728,59761,512,12
729,42568,512,12
731,63393,512,12
732,41952,512,12
733,41931,512,12
734,41296,512,12
735,41207,512,12
736,42622,512,12
737,40904,512,12
738,41010,512,12
739,41135,512,12
740,40796,512,12
741,40809,512,12
742,41069,512,12
743,40767,512,12
744,41013,512,12
745,41769,512,12
746,40893,512,12
747,41838,512,12
748,41012,512,12
749,40983,512,12
750,40617,512,12
751,40879,512,12
752,41269,512,12
753,40205,512,12
755,44322,512,12
756,40413,512,12
757,41606,512,12
758,39647,512,12
759,39999,512,12
760,40986,512,12
761,40077,512,12
762,40205,512,12
763,41652,512,12
764,41515,512,12
765,41172,512,12
766,42453,512,12
767,39957,512,12
768,40637,512,12
770,47057,512,12
771,40777,512,12
772,40895,512,12
773,40775,512,12
774,40948,512,12
775,41557,512,12
776,41177,512,12
777,41094,512,12
778,41631,512,12
779,40679,512,12
780,40585,512,12
781,40996,512,12
782,41518,512,12
783,40943,512,12
784,41255,512,12
785,41217,512,12
786,41497,512,12
789,63648,512,12
790,41540,512,12
791,41445,512,12
792,41536,512,12
793,41182,512,12
794,39831,512,12
795,39679,512,12
797,42755,512,12
798,39877,512,12
799,43318,512,12
800,40368,512,12
801,40816,512,12
802,40436,512,12
803,39704,512,12
804,40111,512,12
805,40122,512,12
806,39368,512,12
807,39672,512,12
808,38877,512,12
809,38520,512,12
810,39294,512,12
812,44130,512,12
813,39481,512,12
814,40352,512,12
815,39605,512,12
816,40124,512,12
818,40241,512,12
819,40179,512,12
825,94389,512,12
827,42330,512,12
828,38593,512,12
829,46725,512,12
830,43221,512,12
831,44368,512,10
832,43265,512,10
833,42587,512,10
834,42304,512,11
835,41909,512,11
836,41541,512,11
837,41436,512,12
838,41236,512,12
839,42123,512,12
840,40604,512,12
841,43347,512,12
842,41994,512,12
843,42654,512,12
845,42791,512,12
846,41679,512,12
847,41527,512,12
848,40498,512,12
849,40887,512,12
850,42974,512,12
851,40405,512,12
852,40141,512,12
853,43014,512,12
854,40248,512,12
855,40639,512,12
856,40143,512,12
857,41221,512,12
858,42035,512,12
859,42160,512,12
860,41259,512,12
861,41519,512,12
862,41607,512,12
863,41209,512,12
864,41285,512,12
866,41481,512,12
867,40723,512,12
868,44442,512,12
869,39819,512,12
870,39499,512,12
871,41865,512,12
872,39603,512,12
873,39735,512,12
874,41992,512,12
875,39569,512,12
876,39949,512,12
878,40767,512,12
879,39510,512,12
880,40893,512,12
881,40700,512,12
882,40709,512,12
883,40432,512,12
884,40452,512,12
885,40030,512,12
886,39993,512,12
887,40179,512,12
888,40237,512,12
889,41781,512,12
890,40987,512,12
891,39139,512,12
892,40399,512,12
893,41025,512,12
894,41317,512,12
897,52422,512,12
898,40079,512,12
899,39422,512,12
900,39457,512,12
902,40388,512,12
903,39152,512,12
904,40583,512,12
905,39141,512,12
906,38883,512,12
907,40453,512,12
908,40335,512,12
909,40441,512,12
910,39439,512,12
911,39147,512,12
912,38997,512,12
913,39770,512,12
914,40331,512,12
915,40086,512,12
916,40033,512,12
917,39328,512,12
918,39311,512,12
919,39051,512,12
920,39331,512,12
921,39295,512,12
922,39023,512,12
923,38896,512,12
924,39094,512,12
925,40056,512,12
926,40259,512,12
927,39569,512,12
929,43563,512,12
930,38672,512,12
931,39782,512,12
932,38814,512,12
933,38912,512,12
934,39617,512,12
935,39055,512,12
936,40961,512,10
937,46371,512,10
938,43755,512,10
939,43570,512,11
940,43567,512,11
941,42996,512,11
942,42507,512,12
943,42341,512,12
944,40956,512,12
945,41801,512,12
946,43108,512,12
947,43390,512,12
948,43039,512,12
949,41758,512,12
950,41903,512,12
951,42160,512,12
952,42570,512,12
953,42550,512,12
954,41280,512,12
956,42285,512,12
957,40813,512,12
958,42308,512,12
959,41457,512,12
960,40841,512,12
961,42110,512,12
962,41647,512,12
963,42175,512,12
964,43049,512,12
965,41479,512,12
966,40285,512,12
967,42714,512,12
968,40134,512,12
969,40224,512,12
970,41503,512,12
971,40269,512,12
972,39834,512,12
973,40175,512,12
974,41274,512,12
975,41548,512,12
976,40825,512,12
977,40582,512,12
978,40771,512,12
979,39983,512,12
980,39634,512,12
981,40437,512,12
983,42546,512,12
984,39381,512,12
985,43406,512,12
986,39380,512,12
987,39012,512,12
988,41389,512,12
989,39237,512,12
990,39131,512,12
991,39898,512,12
992,39186,512,12
993,38785,512,12
994,41504,512,12
995,39454,512,12
996,39456,512,12
997,40340,512,12
998,39545,512,12
999,38432,512,12
1000,40107,512,12
1001,39934,512,12
1002,39486,512,12
1003,39136,512,12
1004,39626,512,12
1005,39173,512,12
1007,41174,512,12
1008,40115,512,12
1009,40297,512,12
1010,39979,512,12
1011,40043,512,12
1013,40842,512,12
1014,39788,512,12
1015,40655,512,12
1016,39590,512,12
1017,39252,512,12
1018,39777,512,12
1019,40295,512,12
1020,38972,512,12
1021,39147,512,12
1022,39480,512,12
1023,38623,512,12
1024,38882,512,12
1025,39063,512,12
1026,38637,512,12
1027,39312,512,12
1028,38626,512,12
1029,38497,512,12
1030,39391,512,12
1031,38357,512,12
1032,38184,512,12
1033,39887,512,12
1034,40606,512,12
1035,39652,512,12
1037,38745,512,12
1038,38715,512,12
1039,39376,512,12
1040,38547,512,12
1041,42999,512,10
1043,51339,512,10
1044,44003,512,11
1045,44114,512,11
1046,42707,512,11
1047,42373,512,12
1048,41647,512,12
1049,41216,512,12
1050,40961,512,12
1051,41854,512,12
1052,42269,512,12
1053,42266,512,12
1055,33414,512,12
1056,42295,512,12
1057,43620,512,12
1058,41627,512,12
1059,41623,512,12
1060,41817,512,12
1061,40933,512,12
1062,40989,512,12
1063,41420,512,12
1064,40833,512,12
1065,40928,512,12
1066,40882,512,12
1067,41069,512,12
1068,41459,512,12
1069,41439,512,12
1070,40736,512,12
1071,40619,512,12
1072,41023,512,12
1073,40415,512,12
1074,40301,512,12
1075,40512,512,12
1076,40466,512,12
1077,40286,512,12
1078,40508,512,12
1079,40231,512,12
1080,40853,512,12
1081,41855,512,12
1082,41718,512,12
1083,41453,512,12
1084,41550,512,12
1085,42353,512,12
1086,41741,512,12
1089,49552,512,12
1091,43859,512,12
1092,41947,512,12
1094,41561,512,12
1095,41971,512,12
1097,69668,512,12
1098,41930,512,12
1112,237028,512,12
1113,42438,512,12
1135,134864,512,12
1136,42354,512,12
1137,42331,512,12
1144,63111,512,12
1145,24915,512,12
1146,37951,512,12
1150,57743,512,12
1151,41021,512,12
1152,41052,512,12
1153,48009,512,12
1154,40516,512,12
1155,40422,512,12
1156,40459,512,12
1157,39929,512,12
1158,39542,512,12
1159,41689,512,12
1160,40670,512,12
1161,40328,512,12
1162,39533,512,12
1163,41001,512,12
1164,40984,512,12
1165,40963,512,12
1166,39838,512,12
1167,40445,512,12
1168,39972,512,12
1169,39494,512,12
1170,39323,512,12
1171,40034,512,12
1172,40410,512,12
1173,39615,512,12
1174,41077,512,12
1175,39701,512,12
1176,40272,512,12
1177,37389,512,12
1178,27728,512,12
1179,27030,512,12
1182,57935,512,12
1183,46022,512,12
1184,45807,512,12
1185,43090,512,10
1186,43474,512,10
1187,42300,512,10
1188,41711,512,11
1189,42816,512,11
1190,41867,512,11
1191,41316,512,12
1193,45621,512,12
1194,40867,512,12
1196,44341,512,12
1197,40120,512,12
1198,43984,512,12
1199,40729,512,12
1200,40696,512,12
1201,41907,512,12
1202,40313,512,12
1203,40326,512,12
1204,40220,512,12
1205,37809,512,12
1206,39994,512,12
1207,39652,512,12
1208,40150,512,12
1209,40456,512,12
1210,39714,512,12
1211,40030,512,12
1212,40020,512,12
1213,41314,512,12
1214,39864,512,12
1215,40354,512,12
1216,40504,512,12
1217,41172,512,12
1218,32594,512,12
1222,63951,512,12
1223,42109,512,12
1224,42362,512,12
1225,42143,512,12
1226,41115,512,12
1227,41908,512,12
1228,42142,512,12
1229,40534,512,12
1230,40462,512,12
1231,40071,512,12
1232,40498,512,12
1233,40244,512,12
1234,40581,512,12
1235,40064,512,12
1236,39780,512,12
1237,40578,512,12
1238,40501,512,12
1239,41184,512,12
1240,40808,512,12
1241,40712,512,12
1242,41169,512,12
1243,39983,512,12
1244,40208,512,12
1245,40342,512,12
1246,40751,512,12
1247,41118,512,12
1248,41016,512,12
1249,38616,512,12
1250,38110,512,12
1251,37485,512,12
1252,40253,512,12
1253,40097,512,12
1254,39634,512,12
1256,43735,512,12
1257,40267,512,12
1258,39922,512,12
1259,38194,512,12
1260,38270,512,12
1261,41171,512,12
1262,38130,512,12
1263,38543,512,12
1264,39547,512,12
1265,38165,512,12
1266,37971,512,12
1267,39158,512,12
1268,38683,512,12
1269,38654,512,12
1270,38839,512,12
1271,38889,512,12
1272,38552,512,12
1273,38832,512,12
1274,38656,512,12
1275,38611,512,12
1276,38728,512,12
1277,38319,512,12
1278,38016,512,12
1279,38123,512,12
1280,38105,512,12
1281,38130,512,12
1283,38601,512,12
1284,38013,512,12
1285,38745,512,12
1286,38301,512,12
1287,38576,512,12
1289,55124,512,12
1290,41299,512,10
1293,53102,512,11
1295,50987,512,11
1296,43424,512,12
1297,52021,512,12
1298,42288,512,12
1299,42998,512,12
1300,41500,512,12
1301,41353,512,12
1302,41145,512,12
1303,41552,512,12
1304,41269,512,12
1305,42294,512,12
1306,43376,512,12
1307,42885,512,12
1308,42640,512,12
1309,41865,512,12
1310,42647,512,12
1311,43205,512,12
1312,42016,512,12
1313,41397,512,12
1314,41647,512,12
1315,41531,512,12
1316,42001,512,12
1317,41802,512,12
1318,43845,512,12
1319,41507,512,12
1320,40981,512,12
1322,41874,512,12
1323,40827,512,12
1325,40962,512,12
1326,40389,512,12
1329,51855,512,12
1330,40399,512,12
1331,41061,512,12
1332,40480,512,12
1333,40599,512,12
1334,40648,512,12
1335,39622,512,12
1336,40631,512,12
1337,40449,512,12
1338,39961,512,12
1339,40457,512,12
1340,40691,512,12
1341,40974,512,12
1342,40435,512,12
1343,39885,512,12
1344,40753,512,12
1345,41398,512,12
1346,41449,512,12
1347,40930,512,12
1348,41102,512,12
1349,40481,512,12
1350,40803,512,12
1351,41259,512,12
1352,40866,512,12
1353,40539,512,12
1355,44975,512,12
1356,40759,512,12
1357,43668,512,12
1358,39700,512,12
1359,39613,512,12
1360,45064,512,12
1361,39746,512,12
1362,39556,512,12
1363,39778,512,12
1364,39595,512,12
1365,39611,512,12
1366,40580,512,12
1367,40126,512,12
1368,39641,512,12
1369,40039,512,12
1370,40846,512,12
1371,40560,512,12
1372,40125,512,12
1373,39449,512,12
1374,39449,512,12
1375,40439,512,12
1376,40355,512,12
1377,40343,512,12
1378,40716,512,12
1379,40335,512,12
1380,40804,512,12
1381,40689,512,12
1382,39984,512,12
1383,39318,512,12
1385,39652,512,12
1386,38854,512,12
1387,41657,512,12
1388,40640,512,12
1389,40863,512,12
1390,41146,512,12
1391,40802,512,12
1392,41335,512,12
1393,45709,512,12
1394,40434,512,12
1395,40085,512,12
1396,39953,512,12
1397,45876,512,12
1398,45808,512,10
1400,47586,512,10
1401,42348,512,11
1403,60164,512,11
1404,42151,512,12
1406,43803,512,12
1407,42323,512,12
1409,44184,512,12
1410,41122,512,12
1411,41223,512,12
1412,40614,512,12
1413,41489,512,12
1414,41339,512,12
1415,42288,512,12
1416,41815,512,12
1417,43754,512,12
1418,42025,512,12
1419,40368,512,12
1420,40626,512,12
1421,39964,512,12
1422,40024,512,12
1423,41029,512,12
1424,40420,512,12
1425,40262,512,12
1426,42500,512,12
1427,40898,512,12
1428,39843,512,12
1431,66476,512,12
1432,39835,512,12
1433,40508,512,12
1434,40375,512,12
1435,40060,512,12
1436,40543,512,12
1437,40171,512,12
1438,40616,512,12
1439,41116,512,12
1440,41469,512,12
1441,41015,512,12
1442,41109,512,12
1443,40736,512,12
1444,41216,512,12
1445,39066,512,12
1446,37813,512,12
1447,40985,512,12
1448,40339,512,12
1449,40187,512,12
1451,40672,512,12
1452,40362,512,12
1453,41228,512,12
1454,41350,512,12
1455,41344,512,12
1456,41055,512,12
1457,40115,512,12
1458,40171,512,12
1459,39778,512,12
1460,40751,512,12
1461,41026,512,12
1462,40419,512,12
1463,41047,512,12
1464,41295,512,12
1465,40685,512,12
1466,39562,512,12
1467,40480,512,12
1468,40759,512,12
1469,39673,512,12
1470,39927,512,12
1471,39730,512,12
1472,39498,512,12
1473,39360,512,12
1474,39443,512,12
1475,40244,512,12
1476,39771,512,12
1477,39712,512,12
1478,38989,512,12
1479,40210,512,12
1480,41268,512,12
1481,40660,512,12
1482,39378,512,12
1483,40548,512,12
1484,40172,512,12
1485,40537,512,12
1486,40898,512,12
1487,40363,512,12
1488,40496,512,12
1489,41058,512,12
1490,40293,512,12
1491,39952,512,12
1492,39616,512,12
1493,39086,512,12
1494,39576,512,12
1496,39630,512,12
1497,39016,512,12
1498,39104,512,12
1499,39119,512,12
1500,39425,512,12
1501,39071,512,12
1502,38938,512,12
1503,44812,512,10
1505,60731,512,10
1506,41344,512,11
1508,46876,512,11
1509,41800,512,12
1510,41802,512,12
1511,41398,512,12
1512,41765,512,12
1513,41511,512,12
1514,40924,512,12
1515,40893,512,12
1516,40986,512,12
1517,41756,512,12
1518,43209,512,12
1519,42032,512,12
1520,41354,512,12
1521,42284,512,12
1522,41995,512,12
1523,41956,512,12
1524,40595,512,12
1525,40827,512,12
1526,40702,512,12
1527,41185,512,12
1529,44209,512,12
1530,41519,512,12
1532,51774,512,12
1533,40260,512,12
1535,41331,512,12
1536,17063,512,12
1540,37646,512,12
1541,42023,512,12
1542,42334,512,12
1545,47128,512,12
1547,46273,512,12
1548,33119,512,12
1549,45031,512,12
1550,41347,512,12
1551,41172,512,12
1552,41026,512,12
1553,40628,512,12
1554,40650,512,12
1555,40379,512,12
1556,40180,512,12
1557,40202,512,12
1558,39984,512,12
1559,40235,512,12
1560,39607,512,12
1561,39380,512,12
1562,40178,512,12
1563,39075,512,12
1564,40176,512,12
1565,39197,512,12
1566,40224,512,12
1567,43365,512,12
1568,39347,512,12
1569,39571,512,12
1570,39899,512,12
1571,39675,512,12
1572,39150,512,12
1573,40340,512,12
1574,39766,512,12
1575,39848,512,12
1577,42859,512,12
1578,39525,512,12
1579,39874,512,12
1580,39623,512,12
1581,39197,512,12
1582,39438,512,12
1583,39330,512,12
1584,38838,512,12
1585,39844,512,12
1586,38726,512,12
1587,39105,512,12
1588,39062,512,12
1589,39285,512,12
1590,39822,512,12
1591,39665,512,12
1592,38250,512,12
1593,38513,512,12
1594,38804,512,12
1595,38457,512,12
1596,39684,512,12
1597,39746,512,12
1598,39910,512,12
1599,39938,512,12
1600,40122,512,12
1601,39944,512,12
1602,39331,512,12
1603,38747,512,12
1604,38485,512,12
1605,38662,512,12
1606,38890,512,12
1607,38503,512,12
1608,39553,512,12
1610,47062,512,12
1611,38303,512,12
1612,38422,512,12
1613,38045,512,12
1614,37875,512,12
1616,38339,512,12
1617,46893,512,10
1618,51209,512,10
1619,42409,512,10
1620,42433,512,11
1621,41985,512,11
1622,41625,512,11
1623,41901,512,12
1624,41289,512,12
1625,43211,512,12
1626,43030,512,12
1628,45350,512,12
1629,36423,512,12
1630,43784,512,12
1631,42488,512,12
1632,42736,512,12
1633,43814,512,12
1634,42628,512,12
1635,43502,512,12
1636,44695,512,12
1637,41874,512,12
1638,42124,512,12
1640,42826,512,12
1641,41706,512,12
1642,42817,512,12
1643,41163,512,12
1644,40959,512,12
1645,41387,512,12
1646,40913,512,12
1647,41871,512,12
1648,41607,512,12
1649,40178,512,12
1650,40476,512,12
1651,41512,512,12
1652,41132,512,12
1653,41350,512,12
1654,41049,512,12
1655,40959,512,12
1656,41440,512,12
1657,40645,512,12
1658,40764,512,12
1659,41332,512,12
1660,41009,512,12
1661,39813,512,12
1662,40802,512,12
1663,41133,512,12
1664,40645,512,12
1665,41145,512,12
1666,44536,512,12
1667,36203,512,12
1668,34298,512,12
1670,42158,512,12
1671,41362,512,12
1672,43443,512,12
1673,42196,512,12
1674,41557,512,12
1676,41991,512,12
1677,40692,512,12
1678,51355,512,12
1679,41140,512,12
1680,39966,512,12
1682,46126,512,12
1683,42140,512,12
1686,57059,512,12
1687,40209,512,12
1688,39676,512,12
1689,39314,512,12
1690,39824,512,12
1691,39876,512,12
1692,39494,512,12
1693,39388,512,12
1694,40847,512,12
1695,40090,512,12
1696,40735,512,12
1697,40737,512,12
1698,39732,512,12
1699,40112,512,12
1700,39686,512,12
1701,39346,512,12
1702,39753,512,12
1703,39645,512,12
1704,39671,512,12
1705,39606,512,12
1706,40228,512,12
1707,39831,512,12
1708,39778,512,12
1709,39276,512,12
1710,40170,512,12
1711,40122,512,12
1712,39090,512,12
1713,39247,512,12
1715,42444,512,12
1716,39685,512,12
1717,44242,512,12
1718,41434,512,12
1719,41526,512,12
1721,53241,512,12
1722,33295,512,12
1723,47378,512,12
1724,45115,512,12
1725,42961,512,10
1728,61818,512,11
1730,44542,512,11
1731,42225,512,12
1732,42827,512,12
1733,42757,512,12
1734,42627,512,12
1736,46140,512,12
1737,42224,512,12
1739,42948,512,12
1740,42708,512,12
1741,42843,512,12
1742,42170,512,12
1743,42249,512,12
1744,41368,512,12
1745,40739,512,12
1746,41005,512,12
1747,40722,512,12
1748,40443,512,12
1749,40285,512,12
1750,40453,512,12
1751,40634,512,12
1752,40041,512,12
1753,41399,512,12
1754,41863,512,12
1755,39573,512,12
1758,58247,512,12
1759,42455,512,12
1760,40792,512,12
1761,41076,512,12
1762,42729,512,12
1763,42068,512,12
1764,40998,512,12
1765,41287,512,12
1766,42115,512,12
1767,40557,512,12
1768,41102,512,12
1769,41272,512,12
1770,41216,512,12
1771,41067,512,12
1772,41510,512,12
1773,40730,512,12
1774,41131,512,12
1775,40434,512,12
1776,40140,512,12
1777,40431,512,12
1778,40410,512,12
1779,40001,512,12
1780,40757,512,12
1781,40569,512,12
1782,40799,512,12
1783,41214,512,12
1784,40945,512,12
1785,39634,512,12
1786,40498,512,12
1787,40204,512,12
1788,41186,512,12
1789,41403,512,12
1790,41060,512,12
1791,41428,512,12
1792,40546,512,12
1793,40640,512,12
1794,40950,512,12
1796,40951,512,12
1797,41216,512,12
1798,42175,512,12
1799,41831,512,12
1800,41267,512,12
1801,41940,512,12
1802,39847,512,12
1803,39708,512,12
1804,42815,512,12
1805,38451,512,12
1806,40702,512,12
1808,41696,512,12
1809,40693,512,12
1810,40893,512,12
1811,41075,512,12
1812,41340,512,12
1813,41225,512,12
1814,40814,512,12
1815,40916,512,12
1816,40543,512,12
1817,40839,512,12
1818,40429,512,12
1819,41797,512,12
1820,40980,512,12
1821,40517,512,12
1824,65806,512,12
1826,45343,512,12
1827,39467,512,12
1828,40222,512,12
1829,40194,512,12
1830,40147,512,12
1831,44855,512,12
1832,45860,512,12
1833,44954,512,10
1834,44229,512,10
1835,42059,512,10
1836,42810,512,11
1837,42863,512,11
1838,43920,512,11
1839,44395,512,12
1841,49332,512,12
1842,43185,512,12
1844,61409,512,12
1845,36402,512,12
1847,43880,512,12
1848,42183,512,12
1849,43105,512,12
1850,42269,512,12
1851,41804,512,12
1852,44788,512,12
1853,42026,512,12
1854,42331,512,12
1855,41840,512,12
1856,40534,512,12
1857,40623,512,12
1858,41376,512,12
1859,40909,512,12
1860,40114,512,12
1861,39596,512,12
1862,39651,512,12
1863,39658,512,12
1864,39622,512,12
1865,39376,512,12
1866,39681,512,12
1867,39949,512,12
1868,39776,512,12
1869,40038,512,12
1870,39990,512,12
1871,39724,512,12
1872,39817,512,12
1873,39662,512,12
1874,40415,512,12
1875,39531,512,12
1876,40245,512,12
1877,39638,512,12
1878,39960,512,12
1879,44226,512,12
1880,40254,512,12
1881,39575,512,12
1882,43192,512,12
1883,39398,512,12
1884,39741,512,12
1886,41358,512,12
1887,39758,512,12
1888,40818,512,12
1889,39924,512,12
1890,39367,512,12
1891,39305,512,12
1892,40297,512,12
1893,40024,512,12
1894,41701,512,12
1895,38384,512,12
1896,39299,512,12
1897,39809,512,12
1898,38831,512,12
1899,39299,512,12
1900,40356,512,12
1901,39324,512,12
1902,39489,512,12
1903,39754,512,12
1904,39463,512,12
1905,39637,512,12
1906,39805,512,12
1907,39969,512,12
1908,39417,512,12
1909,40284,512,12
1910,39611,512,12
1911,39737,512,12
1912,38647,512,12
1913,38236,512,12
1914,38406,512,12
1915,38401,512,12
1916,39117,512,12
1917,39181,512,12
1918,39126,512,12
1919,38757,512,12
1920,39906,512,12
1921,41073,512,12
1922,40408,512,12
1923,39708,512,12
1926,44268,512,12
1929,48016,512,12
1930,39935,512,12
1931,40133,512,12
1932,40181,512,12
1933,40201,512,12
1934,40110,512,12
1935,39984,512,12
1936,39588,512,12
1937,39192,512,12
1938,43828,512,10
1939,43896,512,10
1940,42942,512,10
1941,42479,512,11
1942,41664,512,11
1943,42920,512,11
1944,42693,512,12
1947,56546,512,12
1949,43202,512,12
1950,43096,512,12
1953,58744,512,12
1956,53213,512,12
1957,42477,512,12
1958,41587,512,12
1959,40831,512,12
1960,45848,512,12
1961,42525,512,12
1962,41472,512,12
1964,50707,512,12
1965,40946,512,12
1966,40727,512,12
1967,40936,512,12
1968,39838,512,12
1969,39720,512,12
1970,39913,512,12
1971,39860,512,12
1972,39933,512,12
1973,39761,512,12
1974,39890,512,12
1975,39408,512,12
1976,39467,512,12
1977,39735,512,12
1978,39607,512,12
1979,39763,512,12
1980,40026,512,12
1981,40784,512,12
1982,40005,512,12
1983,39568,512,12
1984,39921,512,12
1985,40053,512,12
1986,40699,512,12
1987,40613,512,12
1988,40125,512,12
1989,40585,512,12
1990,40696,512,12
1991,40761,512,12
1992,40320,512,12
1993,40150,512,12
1994,40449,512,12
1995,39751,512,12
1996,40640,512,12
1997,39551,512,12
1998,39307,512,12
1999,41664,512,12
2000,39217,512,12
2001,41361,512,12
2005,79565,512,12
2006,39287,512,12
2007,39116,512,12
2008,39438,512,12
2009,38986,512,12
2010,39836,512,12
2011,40082,512,12
2012,39615,512,12
2013,40146,512,12
2015,70190,512,12
2016,39609,512,12
2018,40347,512,12
2019,38923,512,12
2020,39309,512,12
2021,41165,512,12
2022,40507,512,12
2023,42804,512,12
2024,40281,512,12
2025,40695,512,12
2026,41072,512,12
2027,40909,512,12
2028,39851,512,12
2029,41082,512,12
2030,40807,512,12
2031,40347,512,12
2032,40101,512,12
2033,39592,512,12
2034,40009,512,12
2035,39690,512,12
2036,39526,512,12
2037,40186,512,12
2038,40221,512,12
2039,40175,512,12
2040,40155,512,12
2041,40277,512,12
2042,40005,512,12
2043,39933,512,12
2044,39635,512,12
2045,39223,512,12
2046,39025,512,12
2047,38387,512,12
2048,45844,512,12
2049,44229,512,10
2050,44777,512,10
2051,45711,512,10
2052,44750,512,11
2054,65768,512,11
2055,43008,512,12
2058,58984,512,12
2060,70198,512,12
2061,42257,512,12
2062,42765,512,12
2063,33847,512,12
2064,42138,512,12
2065,42322,512,12
2066,42647,512,12
2067,42569,512,12
2068,42476,512,12
2069,42755,512,12
2070,41392,512,12
2071,40702,512,12
2072,40417,512,12
2073,41231,512,12
2074,41143,512,12
2075,40766,512,12
2076,41906,512,12
2078,43147,512,12
2079,42098,512,12
2081,63089,512,12
2082,42064,512,12
2084,43481,512,12
2085,39906,512,12
2086,40275,512,12
2087,40424,512,12
2088,39612,512,12
2090,41611,512,12
2091,39806,512,12
2092,42731,512,12
2093,40605,512,12
2094,40296,512,12
2095,40274,512,12
2096,39824,512,12
2097,40073,512,12
2098,40500,512,12
2099,40011,512,12
2100,39335,512,12
2101,39487,512,12
2102,39302,512,12
2103,39523,512,12
2104,40035,512,12
2105,39645,512,12
2106,39814,512,12
2107,42142,512,12
2108,41240,512,12
2109,40328,512,12
2110,40580,512,12
2111,40032,512,12
2112,39815,512,12
2113,43087,512,12
2114,40701,512,12
2115,38623,512,12
2118,55538,512,12
2119,39349,512,12
2120,40103,512,12
2121,39588,512,12
2122,39705,512,12
2123,39464,512,12
2124,39455,512,12
2125,40400,512,12
2126,40841,512,12
2127,41116,512,12
2128,40531,512,12
2129,40270,512,12
2130,40202,512,12
2131,41135,512,12
2132,40841,512,12
2133,41019,512,12
2134,41413,512,12
2135,38661,512,12
2136,40461,512,12
2137,38333,512,12
2138,40521,512,12
2139,40597,512,12
2140,41110,512,12
2141,39045,512,12
2142,39125,512,12
2143,39726,512,12
2144,38703,512,12
2145,38721,512,12
2147,40175,512,12
2148,39132,512,12
2149,38885,512,12
2150,39698,512,12
2151,38595,512,12
2152,38418,512,12
2153,38406,512,12
2154,38096,512,12
2155,41283,512,12
2156,44904,512,12
2157,45877,512,10
2159,66761,512,10
2160,43081,512,11
2162,43070,512,11
2163,42173,512,12
2164,46476,512,12
2165,42220,512,12
2166,41700,512,12
2168,46191,512,12
2169,40296,512,12
2170,40177,512,12
2171,41121,512,12
2172,41277,512,12
2173,41559,512,12
2174,41554,512,12
2175,41356,512,12
2176,40993,512,12
2177,40921,512,12
2178,40576,512,12
2179,41348,512,12
2180,41298,512,12
2181,40321,512,12
2182,40060,512,12
2183,39806,512,12
2184,39820,512,12
2185,40489,512,12
2186,41272,512,12
2187,41261,512,12
2191,52291,512,12
2192,41229,512,12
2193,41153,512,12
2194,41920,512,12
2195,40503,512,12
2196,39252,512,12
2197,40830,512,12
2198,40387,512,12
2199,40197,512,12
2200,40038,512,12
2201,39590,512,12
2202,39271,512,12
2203,39993,512,12
2204,39198,512,12
2205,39318,512,12
2206,39227,512,12
2207,39875,512,12
2208,39020,512,12
2209,40192,512,12
2210,39177,512,12
2211,39379,512,12
2212,39898,512,12
2213,38997,512,12
2214,40215,512,12
2215,39630,512,12
2216,39650,512,12
2217,39550,512,12
2218,40581,512,12
2219,39813,512,12
2220,39632,512,12
2221,38518,512,12
2222,34153,512,12
2223,40577,512,12
2224,39563,512,12
2225,39430,512,12
2226,39155,512,12
2227,39587,512,12
2228,38992,512,12
2229,38964,512,12
2230,39810,512,12
2231,38975,512,12
2232,38486,512,12
2233,38606,512,12
2234,38796,512,12
2235,38976,512,12
2236,39287,512,12
2237,38620,512,12
2238,38873,512,12
2239,38520,512,12
2240,39254,512,12
2241,39996,512,12
2243,39889,512,12
2244,39062,512,12
2245,39818,512,12
2246,38355,512,12
2247,38602,512,12
2248,39797,512,12
2249,39265,512,12
2250,39770,512,12
2251,40251,512,12
2252,39647,512,12
2253,39734,512,12
2254,39596,512,12
2255,40477,512,12
2256,39995,512,12
2257,40093,512,12
2258,40166,512,12
2259,40384,512,12
2261,47568,512,12
2262,38999,512,12
2263,48814,512,12
2264,45268,512,12
2265,44442,512,10
2267,51763,512,10
2268,42609,512,11
2270,43261,512,11
2271,42198,512,12
2272,49740,512,12
2273,42024,512,12
2274,40981,512,12
2275,42831,512,12
2276,40715,512,12
2277,42294,512,12
2278,42896,512,12
2279,42933,512,12
2280,42622,512,12
2282,44977,512,12
2283,42704,512,12
2284,53303,512,12
2285,42281,512,12
2286,42286,512,12
2287,42929,512,12
2288,40795,512,12
2289,40633,512,12
2290,40503,512,12
2291,39908,512,12
2292,39790,512,12
2294,41253,512,12
2295,40170,512,12
2296,39927,512,12
2297,39618,512,12
2298,40778,512,12
2299,43310,512,12
2300,41054,512,12
2301,40065,512,12
2302,40593,512,12
2303,39999,512,12
2304,41234,512,12
2305,40992,512,12
2306,40518,512,12
2307,40687,512,12
2308,41743,512,12
2309,40894,512,12
2310,40767,512,12
2311,41545,512,12
2312,40560,512,12
2313,40621,512,12
2315,40869,512,12
2316,38874,512,12
2317,40188,512,12
2318,39477,512,12
2319,38532,512,12
2320,38862,512,12
2321,39058,512,12
2322,40158,512,12
2323,39582,512,12
2324,39622,512,12
2325,38762,512,12
2326,39286,512,12
2327,38823,512,12
2328,38130,512,12
2329,38202,512,12
2330,38975,512,12
2331,40096,512,12
2332,39053,512,12
2333,38878,512,12
2334,39726,512,12
2335,38939,512,12
2336,38177,512,12
2337,38778,512,12
2338,39674,512,12
2339,39108,512,12
2340,39368,512,12
2341,39578,512,12
2342,38486,512,12
2343,38264,512,12
2344,38228,512,12
2345,37645,512,12
2346,37578,512,12
2347,38110,512,12
2348,37526,512,12
2349,38621,512,12
2350,38359,512,12
2351,36476,512,12
2352,37516,512,12
2353,37704,512,12
2354,37411,512,12
2355,38129,512,12
2356,39377,512,12
2357,38107,512,12
2358,38644,512,12
2359,37820,512,12
2360,37898,512,12
2361,37868,512,12
2362,38817,512,12
2363,38664,512,12
2364,38791,512,12
2365,38305,512,12
2366,38203,512,12
2367,38325,512,12
2368,45594,512,12
2369,44833,512,12
2370,43474,512,10
2372,49299,512,10
2373,43511,512,11
2375,45691,512,11
2376,42389,512,12
2378,50878,512,12
2379,37339,512,12
2380,44186,512,12
2381,42001,512,12
2382,41210,512,12
2383,40742,512,12
2384,41003,512,12
2385,41890,512,12
2386,41111,512,12
2387,40926,512,12
2388,40983,512,12
2389,40933,512,12
2390,41121,512,12
2391,40674,512,12
2393,46747,512,12
2394,40858,512,12
2395,44535,512,12
2396,40390,512,12
2397,40087,512,12
2398,42571,512,12
2399,40254,512,12
